-- phpMyAdmin SQL Dump
-- version 5.2.0
-- https://www.phpmyadmin.net/
--
-- Host: 127.0.0.1
-- Generation Time: Aug 20, 2023 at 06:58 PM
-- Server version: 10.4.25-MariaDB
-- PHP Version: 8.1.10

SET SQL_MODE = "NO_AUTO_VALUE_ON_ZERO";
START TRANSACTION;
SET time_zone = "+00:00";


/*!40101 SET @OLD_CHARACTER_SET_CLIENT=@@CHARACTER_SET_CLIENT */;
/*!40101 SET @OLD_CHARACTER_SET_RESULTS=@@CHARACTER_SET_RESULTS */;
/*!40101 SET @OLD_COLLATION_CONNECTION=@@COLLATION_CONNECTION */;
/*!40101 SET NAMES utf8mb4 */;

--
-- Database: `figure-shop`
--

--
-- Dumping data for table `brand`
--

INSERT INTO `brand` (`id`, `name`) VALUES
(1, 'DXF'),
(2, 'SEGA'),
(3, 'Q Posket'),
(4, 'Ichiban Kuji'),
(5, 'Banpresto Grandista');

--
-- Dumping data for table `film`
--

INSERT INTO `film` (`id`, `name`) VALUES
(1, 'One Piece'),
(2, 'Kimetsu no Yaiba'),
(3, 'Jujutsu Kaisen'),
(4, 'Dragon Ball'),
(5, 'Chainsaw Man'),
(6, 'Bleach'),
(7, 'Spy x Family'),
(8, 'My Hero Academia');


--
-- Dumping data for table `product`
--

INSERT INTO `product` (`id`, `description`, `image`, `name`, `price`, `quantity`, `brand_id`, `film_id`) VALUES
                                                                                                             (1, 'Hàng chính hãng Nhật Bản\nNhân vật: Law\nAnime: One piece\nMọi thông tin chi tiết xin liên hệ f.b: facebook.com/sakefigure', 'https://cf.shopee.vn/file/vn-11134207-7qukw-lgzyg3nbtq7n30', 'Mô hình nhân vật Law phim One Piece dòng Banpresto DXF The Grandline Men Wanokuni vol.14', 400000, 1, NULL, 1),
                                                                                                             (2, 'Hàng chính hãng Nhật Bản\nNhân vật: Marco\nAnime: One piece\nMọi thông tin chi tiết xin liên hệ f.b: facebook.com/sakefigure', 'https://cf.shopee.vn/file/vn-11134207-7qukw-lgzyg3nbsbhu58', 'Mô hình nhân vật Marco phim One Piece dòng Banpresto DXF The Grandline Men Wanokuni vol.18', 400000, 1, NULL, 1),
                                                                                                             (3, 'Hàng chính hãng Nhật Bản\nNhân vật: Kid\nAnime: One piece\nMọi thông tin chi tiết xin liên hệ f.b: facebook.com/sakefigure', 'https://cf.shopee.vn/file/vn-11134207-7qukw-lgzyg3nbzchf1b', 'Mô hình nhân vật Kid phim One Piece dòng Banpresto DXF The Grandline Men Wanokuni vol.15', 400000, 1, NULL, 1),
                                                                                                             (4, 'Hàng chính hãng Nhật Bản\nNhân vật: Robin\nAnime: One piece\nMọi thông tin chi tiết xin liên hệ f.b: facebook.com/sakefigure', 'https://cf.shopee.vn/file/vn-11134207-7qukw-lgzyg3nc3k1eab', 'Mô hình nhân vật Robin phim One Piece dòng Banpresto DXF The grandline Lady Wanokuni vol.6', 400000, 1, NULL, 1),
                                                                                                             (5, 'Hàng chính hãng Nhật Bản\nNhân vật: Mahito\nAnime: Jujustu Kaisen -Chú thuật hồi chiến\nMọi thông tin chi tiết xin liên hệ f.b: facebook.com/sakefigure', 'https://cf.shopee.vn/file/vn-11134207-7qukw-lh0cix53wstv2d', 'Mô hình nhân vật Mahito phim Jujutsu Kaisen dòng Banpresto DXF', 350000, 1, 1, 3),
                                                                                                             (6, 'Hàng chính hãng Nhật Bản\nNhân vật: Satorou Gojo\nAnime: Jujustu Kaisen -Chú thuật hồi chiến\nMọi thông tin chi tiết xin liên hệ f.b: facebook.com/sakefigure', 'https://cf.shopee.vn/file/vn-11134207-7qukw-lh0fa5dq3iuq13', 'Mô hình nhân vật Satorou Gojo phim Jujutsu Kaisen dòng Banpresto DXF', 350000, 1, 1, 3),
                                                                                                             (7, 'Hàng chính hãng Nhật Bản\nNhân vật: Yuji Itadori\nAnime: Jujustu Kaisen -Chú thuật hồi chiến\nMọi thông tin chi tiết xin liên hệ f.b: facebook.com/sakefigure', 'https://cf.shopee.vn/file/vn-11134207-7qukw-lh0cix53zlyrce', 'Mô hình nhân vật Yuji Itadori phim Jujutsu Kaisen dòng Banpresto DXF', 350000, 1, 1, 3),
                                                                                                             (8, 'Hàng chính hãng Nhật Bản\nNhân vật: Megumi Fushiguro\nAnime: Jujustu Kaisen -Chú thuật hồi chiến\nMọi thông tin chi tiết xin liên hệ f.b: facebook.com/sakefigure', 'https://cf.shopee.vn/file/vn-11134207-7qukw-lh0cix5410j719', 'Mô hình nhân vật Megumi Fushiguro phim Jujutsu Kaisen dòng Banpresto DXF', 350000, 1, 1, 3),
                                                                                                             (9, 'Hàng chính hãng Nhật Bản\nNhân vật: Sukuna\nAnime: Jujustu Kaisen -Chú thuật hồi chiến\nMọi thông tin chi tiết xin liên hệ f.b: facebook.com/sakefigure', 'https://cf.shopee.vn/file/vn-11134207-7qukw-lh0cix53y7eb3f', 'Mô hình nhân vật Sukuna phim Jujutsu Kaisen dòng Banpresto DXF', 350000, 0, 1, 3),
                                                                                                             (10, 'Hàng chính hãng Nhật Bản\nNhân vật: Kocho Shinobu\nAnime: Kimetsu no Yaiba\nMọi thông tin chi tiết xin liên hệ f.b: facebook.com/sakefigure', 'https://cf.shopee.vn/file/vn-11134207-7qukw-lgyy617vsqnnb1', 'Mô hình nhân vật Kocho Shinobu phim Kimetsu no Yaiba dòng Banpresto Q Posket', 250000, 4, 3, 2),
                                                                                                             (11, 'Hàng chính hãng Nhật Bản\nNhân vật: Akaza\nAnime: Kimetsu no Yaiba\nMọi thông tin chi tiết xin liên hệ f.b: facebook.com/sakefigure', 'https://cf.shopee.vn/file/vn-11134207-7qukw-lgyy617vvjsjd4', 'Mô hình nhân vật Akaza phim Kimetsu no Yaiba dòng Banpresto Q posket version A', 500000, 0, 3, 2),
                                                                                                             (12, 'Hàng chính hãng Nhật Bản\nNhân vật: Obanai Iguro\nAnime: Kimetsu no Yaiba\nMọi thông tin chi tiết xin liên hệ f.b: facebook.com/sakefigure', 'https://cf.shopee.vn/file/vn-11134207-7qukw-lgyy617vu583e7', 'Mô hình nhân vật Obanai Iguro phim Kimetsu no Yaiba dòng Banpresto Q posket', 500000, 0, 3, 2),
                                                                                                             (13, 'Hàng chính hãng Nhật Bản\nNhân vật: Kanao Tsuyuri\nAnime: Kimetsu no Yaiba\nMọi thông tin chi tiết xin liên hệ f.b: facebook.com/sakefigure', 'https://cf.shopee.vn/file/vn-11134207-7qukw-lgz3boh3e0hfd3', 'Mô hình nhân vật Kanao Tsuyuri phim Kimetsu no Yaiba dòng Banpresto Q posket', 500000, 0, 3, 2),
                                                                                                             (14, 'Hàng chính hãng Nhật Bản\nNhân vật: Inosuke Hashibira\nAnime: Kimetsu no Yaiba\nMọi thông tin chi tiết xin liên hệ f.b: facebook.com/sakefigure', 'https://cf.shopee.vn/file/d32cfcf3ff89e878dce8c967802cb32a', 'Mô hình nhân vật Inosuke Hashibira phim Kimetsu no Yaiba dòng Banpresto Grandista', 400000, 2, 5, 2),
                                                                                                             (15, 'Hàng chính hãng Nhật Bản\nNhân vật: Tankjiro Kamado\nAnime: Kimetsu no Yaiba\nMọi thông tin chi tiết xin liên hệ f.b: facebook.com/sakefigure', 'https://cf.shopee.vn/file/6bae809a4ab997892e844c72657473b6', 'Mô hình nhân vật Tankjiro Kamado phim Kimetsu no Yaiba dòng Banpresto Grandista', 400000, 2, 5, 2),
                                                                                                             (16, 'Hàng chính hãng Nhật Bản\nNhân vật: Shinobu Kocho\nAnime: Kimetsu no Yaiba\nMọi thông tin chi tiết xin liên hệ f.b: facebook.com/sakefigure', 'https://cf.shopee.vn/file/vn-11134207-7qukw-lh4xnoe4y38z99', 'Mô hình nhân vật Trùng trụ Shinobu Kocho phim Kimetsu no Yaiba dòng Sega Chuugoukaigi', 375000, 2, 2, 2),
                                                                                                             (17, 'Hàng chính hãng Nhật Bản\nNhân vật: Uzui Tengen\nAnime: Kimetsu no Yaiba\nMọi thông tin chi tiết xin liên hệ f.b: facebook.com/sakefigure', 'https://cf.shopee.vn/file/vn-11134207-7qukw-lh4xnoe57x2qe2', 'Mô hình nhân vật Âm trụ Uzui Tengen phim Kimetsu no Yaiba dòng Sega Premium Chokonose', 375000, 2, 2, 2),
                                                                                                             (18, 'Hàng chính hãng Nhật Bản\nNhân vật: Uzui Tengen\nAnime: Kimetsu no Yaiba\nMọi thông tin chi tiết xin liên hệ f.b: facebook.com/sakefigure', 'https://cf.shopee.vn/file/vn-11134207-7qukw-lh4xnoe5exwy21', 'Mô hình nhân vật Âm trụ Uzui Tengen phim Kimetsu no Yaiba dòng Sega Shinobushouzoku', 375000, 2, 2, 2),
                                                                                                             (19, 'Nhân vật : Zenitsu\nTình trạng: new\nHãng sản xuất : bandai\n👉 Mọi thắc mắc vui lòng liên hệ Facebook : http://facebook.com/sakefigure', 'https://cf.shopee.vn/file/vn-11134207-7qukw-lh4xnoe5exwy21', 'Mô hình nhân vật Zenitsu phim Kimetsu no Yaiba dòng Banpresto Ichiban Kuji', 850000, 1, 4, 2),
                                                                                                             (20, 'Hàng chính hãng Nhật Bản \nNhân vật: Daki \nAnime: Kimetsu no Yaiba\nMọi thông tin chi tiết xin liên hệ f.b: facebook.com/sakefigure', 'https://cf.shopee.vn/file/vn-11134207-7qukw-lgz3boh3ff1v68', 'Mô hình nhân vật Thượng huyền lục Daki phim Kimetsu no Yaiba Daki dòng Banpresto DXF', 400000, 1, 1, 2),
                                                                                                             (21, 'Hàng chính hãng Nhật Bản \nNhân vật: Obanai Iguro\nAnime: Kimetsu no Yaiba\nMọi thông tin chi tiết xin liên hệ f.b: facebook.com/sakefigure', 'https://cf.shopee.vn/file/vn-11134207-7qukw-lgz4ej7ml2b75d', 'Mô hình nhân vật xà trụ Obanai Iguro phim Kimetsu no Yaiba dòng Banpresto DXF', 400000, 1, 1, 2),
                                                                                                             (22, 'Hàng chính hãng Nhật Bản \nNhân vật: Inosuke Hashibira\nAnime: Kimetsu no Yaiba\nMọi thông tin chi tiết xin liên hệ f.b: facebook.com/sakefigure', 'https://cf.shopee.vn/file/vn-11134207-7qukw-lgz4ej7mi96bcd', 'Mô hình nhân vật đấng ỉn Inosuke Hashibira phim Kimetsu no Yaiba dòng Banpresto DXF', 400000, 1, 1, 2),
                                                                                                             (23, 'Hàng chính hãng Nhật Bản \nNhân vật: Makima\nAnime: Chainsaw man\nMọi thông tin chi tiết xin liên hệ f.b: facebook.com/sakefigure', 'https://cf.shopee.vn/file/vn-11134207-7qukw-lgzyg3nc96gj8f', 'Mô hình nhân vật Makima phim Chainsaw Man dòng Furyu Noodle Stopper', 450000, 1, NULL, 5),
                                                                                                             (24, 'Hàng chính hãng Nhật Bản \nNhân vật: Denji\nAnime: Chainsaw man\nMọi thông tin chi tiết xin liên hệ f.b: facebook.com/sakefigure', 'https://cf.shopee.vn/file/vn-11134207-7qukw-lgzyg3ncu8z771', 'Mô hình nhân vật phim Denji Chainsaw Man dòng Furyu Noodle Stopper', 450000, 1, NULL, 5),
                                                                                                             (25, 'Hàng chính hãng Nhật Bản \nNhân vật: Aki Hayakawa\nAnime: Chainsaw man\nMọi thông tin chi tiết xin liên hệ f.b: facebook.com/sakefigure', 'https://cf.shopee.vn/file/vn-11134207-7qukw-lh0b36xss9v7b3', 'Mô hình nhân vật Aki Hayakawa phim Chainsaw Man dòng Banpresto Chain Spirits Vol.2', 350000, 1, NULL, 5),
                                                                                                             (26, 'Hàng chính hãng Nhật Bản \nNhân vật: Power \nAnime: Chainsaw man\nMọi thông tin chi tiết xin liên hệ f.b: facebook.com/sakefigure', 'https://cf.shopee.vn/file/vn-11134207-7qukw-lgzyg3ncygojcb', 'Mô hình nhân vật Power phim Chainsaw Man dòng Taito', 550000, 2, NULL, 5),
                                                                                                             (27, 'Hàng chính hãng Nhật Bản \nNhân vật: Black \nAnime: Dragon ball\nMọi thông tin chi tiết xin liên hệ f.b: facebook.com/sakefigure', 'https://cf.shopee.vn/file/vn-11134207-7qukw-lgzyg3nc25gya2', 'Mô hình nhân vật Black phim Dragon ball Super dòng Banpresto Solid Edge Works', 350000, 1, NULL, 4),
                                                                                                             (28, 'Hàng chính hãng Nhật Bản \nNhân vật: Vegeta Super saiyan Blue\nAnime: Dragon ball\nMọi thông tin chi tiết xin liên hệ f.b: facebook.com/sakefigure', 'https://cf.shopee.vn/file/vn-11134207-7qukw-lgzyg3nc7rw347', 'Mô hình nhân vật Vegeta Super saiyan Blue phim Dragon ball dòng Maximatic Banpresto', 450000, 1, NULL, 4),
                                                                                                             (29, 'Hàng chính hãng Nhật Bản \nNhân vật: Son Gotenks\nAnime: Dragon ball\nMọi thông tin chi tiết xin liên hệ f.b: facebook.com/sakefigure', 'https://cf.shopee.vn/file/vn-11134207-7qukw-lgzyg3nbwj76e4', 'Mô hình nhân vật Son Gotenks phim Dragon ball Z dòng Banpresto Solid Edge Works', 350000, 1, NULL, 4);

--
-- Dumping data for table `roles`
--

INSERT INTO `roles` (`id`, `name`) VALUES
(1, 'ADMIN'),
(2, 'USER');


--
-- Dumping data for table `user_entity`
--

INSERT INTO `user_entity` (`id`, `avatar`, `created_date`, `email`, `full_name`, `password`, `phone_number`, `updated_date`) VALUES
                                                                                                                                 (2, NULL, '2023-08-14 06:52:12.000000', 'quocanh944@gmail.com', NULL, '$2a$10$3hDP7nkWnSGZqOdcxhdIRe7aj39IKO8GFayZq2pjTMulIDL8gzC5i', NULL, NULL),
                                                                                                                                 (5, NULL, '2023-08-16 12:53:15.000000', 'quoc@gmail.com', NULL, '$2a$10$J1y7UWcC9aiAMblT.TP3xeTdGwDqcnkIIO4yVMB1N1qNHZxUDNEPy', NULL, NULL),
                                                                                                                                 (6, NULL, '2023-08-20 16:21:35.000000', 'quoc0021@gmail.com', NULL, '$2a$10$/zKlF.S/xUbpv4UszSuhlu3LHyhpnv2rv6njBzEOGMKLXfHn7bXjG', NULL, NULL),
                                                                                                                                 (7, NULL, '2023-08-20 16:21:39.000000', 'quoc0022@gmail.com', NULL, '$2a$10$suYHr3G/pl0.UU3gbMhzK.EtaT4Cmd3YagRgGJJHs1mS.L6wICsoK', NULL, NULL),
                                                                                                                                 (8, NULL, '2023-08-20 16:21:50.000000', 'quoc1@gmail.com', NULL, '$2a$10$8qczoi0e7wQb8a9oJ0pCw.I55ZdPbokJ7DHYGnICWXj1D3EZhQid6', NULL, NULL),
                                                                                                                                 (9, NULL, '2023-08-20 16:21:54.000000', 'quoc2@gmail.com', NULL, '$2a$10$7ztXfOe2pmKnfFqAxfWLVeBpf6cc9C9fYDsr2s9kczdsmeLDpadhy', NULL, NULL),
                                                                                                                                 (10, NULL, '2023-08-20 16:21:56.000000', 'quoc3@gmail.com', NULL, '$2a$10$BPtivOiiWbCVuqqkxndm.OrvkeQW4JZ1V4Lu44bWk/1hoa9brgPuO', NULL, NULL),
                                                                                                                                 (11, NULL, '2023-08-20 16:21:59.000000', 'quoc4@gmail.com', NULL, '$2a$10$KjLWugM4KppReG5VTPABYeASjQnXMoEHtcAcAb06xRwZjCrYcLozO', NULL, NULL),
                                                                                                                                 (12, NULL, '2023-08-20 16:22:03.000000', 'quoc5@gmail.com', NULL, '$2a$10$9AS2kvuP6R/oj.CMBnNgk.crexvV/Ts60/taw2VGdXI30Tx/9lSTG', NULL, NULL),
                                                                                                                                 (13, NULL, '2023-08-20 16:24:29.000000', 'shanta.bergnaum@yahoo.com', NULL, '$2a$10$m8TmUrp5YW9u8k0p9RjZu.LdChUljcheEQXY4lx4xzXTH.MG9wqay', NULL, NULL),
                                                                                                                                 (14, NULL, '2023-08-20 16:24:29.000000', 'daniell.stoltenberg@hotmail.com', NULL, '$2a$10$UQj01E/Mf/4q2ncLlbq9HeQJaFPL6lNCzG5p91zkJx73BobsXZqZi', NULL, NULL),
                                                                                                                                 (15, NULL, '2023-08-20 16:24:30.000000', 'delmer.quitzon@gmail.com', NULL, '$2a$10$pvsNKRfVjCje4siPnzf.huS9oc7Bd4xOK3pEhr4muv1sEMRlhdwV6', NULL, NULL),
                                                                                                                                 (16, NULL, '2023-08-20 16:24:30.000000', 'sharee.damore@gmail.com', NULL, '$2a$10$eqOkIEzRA5/gfkU5M0dT.ex.npVjpk3h.ov5xwn/.IfSx1TzbV0lu', NULL, NULL),
                                                                                                                                 (17, NULL, '2023-08-20 16:24:30.000000', 'johnny.nitzsche@hotmail.com', NULL, '$2a$10$q8UC6CaN7IeAKPlHNK37Lu50w.SJ3DMFpBRd2OBeBdtlwNzhQ77U.', NULL, NULL),
                                                                                                                                 (18, NULL, '2023-08-20 16:24:30.000000', 'debby.cummerata@hotmail.com', NULL, '$2a$10$lcxlYturkFYu59XfcNsFve00mAUwParzUO8Yq0X9spEqyIgy3gzEG', NULL, NULL),
                                                                                                                                 (19, NULL, '2023-08-20 16:24:30.000000', 'moses.gislason@gmail.com', NULL, '$2a$10$Aead/hBZvlVHwnOef3H1ZeY190sfqCqPBoBiqfTUcRXjEIzjRLnjG', NULL, NULL),
                                                                                                                                 (20, NULL, '2023-08-20 16:24:30.000000', 'calandra.feil@yahoo.com', NULL, '$2a$10$jClSAzobF5EayaK0YJNGOe6HeHL7VHTaCmU7zD2GRFigfiCJW73va', NULL, NULL),
                                                                                                                                 (21, NULL, '2023-08-20 16:24:30.000000', 'felton.hoppe@hotmail.com', NULL, '$2a$10$VeElqsPsuY70fuTBlnLcOO1gtcV4cnMBlsqRCNI7F3ng1IwVYky8a', NULL, NULL),
                                                                                                                                 (22, NULL, '2023-08-20 16:24:31.000000', 'raymundo.mann@hotmail.com', NULL, '$2a$10$euDAouRIZ/lwKyodQz9PCuq2sufuv1j1cLMX7Uq57nDTQ.VI30ake', NULL, NULL),
                                                                                                                                 (23, NULL, '2023-08-20 16:24:31.000000', 'aura.franecki@yahoo.com', NULL, '$2a$10$l3gnj.aduKGjGk5TtV3A0eBa.tDKZt.vOddTSlOapSb4wEM4L6Ba.', NULL, NULL),
                                                                                                                                 (24, NULL, '2023-08-20 16:24:31.000000', 'daniella.kovacek@hotmail.com', NULL, '$2a$10$kw2X0HHtTbXoGYNPFjyeHOfjrLLeGxW1MhKAxVpMNy.b2MB5kWLEe', NULL, NULL),
                                                                                                                                 (25, NULL, '2023-08-20 16:24:31.000000', 'juan.sipes@gmail.com', NULL, '$2a$10$HiggUozDQs0K.Y62eQ4h9uvKyE/39x3LjOnncuquuSAH5CLX7HIZ.', NULL, NULL),
                                                                                                                                 (26, NULL, '2023-08-20 16:24:31.000000', 'herschel.torphy@yahoo.com', NULL, '$2a$10$8GBduqIso1TREKyL/.5uA.nw4w.AsjDjkz3cuikcJ8ZWmWBu2QOTu', NULL, NULL),
                                                                                                                                 (27, NULL, '2023-08-20 16:24:31.000000', 'adaline.rosenbaum@yahoo.com', NULL, '$2a$10$xp4ApXGUtXrD0X3pUiijkOKjUnr..C68TRK06hNNjJtWKmiHVsnp.', NULL, NULL),
                                                                                                                                 (28, NULL, '2023-08-20 16:24:31.000000', 'shane.sanford@gmail.com', NULL, '$2a$10$HJpeUO.bnFT1ll9y3/qCcON7SpFr8CIBxPXUuNrjpyWp2ucBn0E7S', NULL, NULL),
                                                                                                                                 (29, NULL, '2023-08-20 16:24:31.000000', 'randell.kuhlman@yahoo.com', NULL, '$2a$10$olGCP/pk1EcwYUsOC67BZ.79PbXRHxgCem26OcEDIdagaYAyCWYd2', NULL, NULL),
                                                                                                                                 (30, NULL, '2023-08-20 16:24:31.000000', 'ernie.bergnaum@yahoo.com', NULL, '$2a$10$by7DDYrHKwhgX6AcPg0FpevXHcv9kvE6NsIEbNM0PL5i2gOjMxdCO', NULL, NULL),
                                                                                                                                 (31, NULL, '2023-08-20 16:24:32.000000', 'jeffrey.dicki@yahoo.com', NULL, '$2a$10$sBsjZjTsyh0hqhH0ND8AS.dRfHvx7H1tW5WCOrzC/Nbgi6roQxudW', NULL, NULL),
                                                                                                                                 (32, NULL, '2023-08-20 16:24:32.000000', 'bernie.paucek@yahoo.com', NULL, '$2a$10$vAzbksMu5ZT/qt.Vl36cR.yNlcPCEG8mQIl6umi6EjBcrryJOicSu', NULL, NULL);

--
-- Dumping data for table `user_roles`
--

INSERT INTO `user_roles` (`user_id`, `role_id`) VALUES
                                                    (2, 1),
                                                    (5, 2),
                                                    (6, 2),
                                                    (7, 2),
                                                    (8, 2),
                                                    (9, 2),
                                                    (10, 2),
                                                    (11, 2),
                                                    (12, 2),
                                                    (13, 2),
                                                    (14, 2),
                                                    (15, 2),
                                                    (16, 2),
                                                    (17, 2),
                                                    (18, 2),
                                                    (19, 2),
                                                    (20, 2),
                                                    (21, 2),
                                                    (22, 2),
                                                    (23, 2),
                                                    (24, 2),
                                                    (25, 2),
                                                    (26, 2),
                                                    (27, 2),
                                                    (28, 2),
                                                    (29, 2),
                                                    (30, 2),
                                                    (31, 2),
                                                    (32, 2);
COMMIT;

--
-- Dumping data for table `media`
--

INSERT INTO `media` (`id`, `type`, `url`, `product_id`) VALUES
(1, 'IMAGE', 'https://cf.shopee.vn/file/vn-11134207-7qukw-lgzyg3nbv4s3bb', 1),
(2, 'IMAGE', 'https://cf.shopee.vn/file/vn-11134207-7qukw-lgzyg3nbwjcjc2', 1),
(3, 'IMAGE', 'https://cf.shopee.vn/file/vn-11134207-7qukw-lgzyg3nbxxwza2', 1),
(5, 'IMAGE', 'https://cf.shopee.vn/file/vn-11134207-7qukw-lgzyg3nbv4mq31', 2),
(6, 'IMAGE', 'https://cf.shopee.vn/file/vn-11134207-7qukw-lgzyg3nbxxrmc9', 2),
(7, 'IMAGE', 'https://cf.shopee.vn/file/vn-11134207-7qukw-lgzyg3nc0qwif4', 2),
(8, 'IMAGE', 'https://cf.shopee.vn/file/vn-11134207-7qukw-lgzyg3nc0r1va3', 3),
(9, 'IMAGE', 'https://cf.shopee.vn/file/vn-11134207-7qukw-lgzyg3nc25mb8f', 3),
(10, 'IMAGE', 'https://cf.shopee.vn/file/vn-11134207-7qukw-lgzyg3nc3k6r02', 3),
(11, 'IMAGE', 'https://cf.shopee.vn/file/vn-11134207-7qukw-lgzyg3nc6d6ae8', 4),
(12, 'IMAGE', 'https://cf.shopee.vn/file/vn-11134207-7qukw-lgzyg3nc96b6e2', 4),
(13, 'IMAGE', 'https://cf.shopee.vn/file/52b99a5c41827c24bbec1c743c62562a', 14),
(14, 'IMAGE', 'https://cf.shopee.vn/file/ba03b59b1989903aefd42107f6b8e2ee', 14),
(15, 'IMAGE', 'https://cf.shopee.vn/file/14792b84d29361c883cb39d18645d787', 14),
(16, 'IMAGE', 'https://cf.shopee.vn/file/9b8c9e4c02f0eaa2c366fff9c18c9712', 15),
(17, 'IMAGE', 'https://cf.shopee.vn/file/e2b3a78a44b5d59e4f67d612afd5290b', 15),
(18, 'IMAGE', 'https://cf.shopee.vn/file/229d8b660dfaffb52e5c7dd780ec262f', 15),
(19, 'IMAGE', 'https://cf.shopee.vn/file/vn-11134207-7qukw-lh4xnoe4y33m99', 16),
(20, 'IMAGE', 'https://cf.shopee.vn/file/vn-11134207-7qukw-lh4xnoe4in0328', 16),
(21, 'IMAGE', 'https://cf.shopee.vn/file/vn-11134207-7qukw-lh4xnoe5szle0c', 16),
(22, 'IMAGE', 'https://cf.shopee.vn/file/vn-11134207-7qukw-lh4xnoe4imuq6d', 16),
(23, 'IMAGE', 'https://cf.shopee.vn/file/vn-11134207-7qukw-lh4xnoe5djci86', 16),
(24, 'IMAGE', 'https://cf.shopee.vn/file/vn-11134207-7qukw-lh4xnoe436lu86', 16),
(25, 'IMAGE', 'https://cf.shopee.vn/file/vn-11134207-7qukw-lh4xnoe436r7ad', 16),
(26, 'IMAGE', 'https://cf.shopee.vn/file/vn-11134207-7qukw-lh4xnoe68fua92', 16),
(27, 'IMAGE', 'https://cf.shopee.vn/file/vn-11134207-7qukw-lh4xnoe59bn6be', 17),
(28, 'IMAGE', 'https://cf.shopee.vn/file/vn-11134207-7qukw-lh4xnoe5aq7m64', 17),
(29, 'IMAGE', 'https://cf.shopee.vn/file/vn-11134207-7qukw-lh4xnoe5c4s2a7', 17),
(30, 'IMAGE', 'https://cf.shopee.vn/file/vn-11134207-7qukw-lh4xnoe4h8fnb7', 18),
(31, 'IMAGE', 'https://cf.shopee.vn/file/vn-11134207-7qukw-lh4xnoe4ftv7ac', 18),
(32, 'IMAGE', 'https://cf.shopee.vn/file/vn-11134207-7qukw-lh4xnoe50w8id1', 18),
(33, 'IMAGE', 'https://cf.shopee.vn/file/vn-11134207-7qukw-lh4xnoe52asy57', 18),
(34, 'IMAGE', 'https://cf.shopee.vn/file/vn-11134207-7qukw-lh4xnoe53pde79', 18),
(35, 'IMAGE', 'https://cf.shopee.vn/file/vn-11134207-7qukw-lh4xnoe553xuf4', 18),
(36, 'IMAGE', 'https://cf.shopee.vn/file/vn-11134207-7qukw-lh4xnoe56iiadb', 18),
(37, 'IMAGE', 'https://cf.shopee.vn/file/vn-11134207-7qukw-lh4xnoe4h8fnb7', 19);

--
-- Dumping data for table `order`
--

INSERT INTO `order` (`id`, `address`, `name`, `phone_number`, `total`, `user_id`) VALUES
(291, 'Apt. 757 660 Kuhn Isle, Jaymiechester, SC 37618-6565', 'Gillian Zboncak IV', '(538) 484-0214', 3650000, 2),
(292, 'Suite 654 084 Runolfsson Light, Alexafort, NM 47976-4707', 'Shawnee Rempel', '004.175.7105 x562', 2975000, 2),
(293, 'Apt. 826 894 Weimann Forks, West Tawnaburgh, ME 83894', 'Kyoko Bashirian DVM', '(549) 444-9436 x74026', 2950000, 2),
(294, '560 Leonore Fall, Port Paris, AZ 12621', 'Aurelio Pollich', '416.332.1017', 3200000, 2),
(295, '2001 Deandre Ridge, Lake Werner, CO 99981', 'Taina Bruen DVM', '1-369-358-7856', 2900000, 2),
(296, 'Apt. 069 1071 Eleanora Island, North Inezburgh, ND 54537', 'Mr. Katerine Quigley', '1-483-570-0561 x9728', 3750000, 2),
(297, '10673 Hassan Keys, Langworthton, ND 64388-6906', 'Hershel Larkin', '1-307-585-0094 x040', 2650000, 2),
(298, '20999 Reynolds Mountain, Christiansenland, WI 91695', 'Dannette Runolfsson', '119.585.6423 x779', 2750000, 2),
(299, '9145 Donald Summit, Ngocview, OR 42616-6243', 'Erwin Blanda', '1-445-848-9522', 4050000, 2),
(300, 'Suite 291 911 Loyd Glens, Metzshire, IN 26516-2434', 'Weston Koepp', '680.266.1346 x000', 3100000, 2),
(301, 'Apt. 572 0251 Hermiston Harbor, Port Charity, TN 86195-0382', 'Jewell Keeling III', '718-773-8022 x3051', 3250000, 5),
(302, 'Suite 499 16036 Milan Rapid, East Mickey, PA 22628', 'Cary Botsford', '1-683-441-9936 x417', 3375000, 5),
(303, 'Apt. 294 60645 Erasmo Forge, Eladiafurt, KS 08952-4184', 'Theo Hettinger Jr.', '1-249-754-0018', 3050000, 5),
(304, 'Suite 356 390 Particia Tunnel, East Ellan, NM 26186', 'Marylee Beahan PhD', '1-637-886-7094 x82221', 2700000, 5),
(305, '32758 August Course, Jacobsland, IA 05684', 'Teena Bayer III', '(689) 759-6646 x09343', 3675000, 5),
(306, '907 Roob Haven, Labadieberg, IL 70968', 'Mrs. Shasta Stoltenberg', '1-004-185-1575', 3450000, 5),
(307, 'Suite 064 5191 Lolita Mall, Luismouth, WY 47300-7311', 'Mel Kiehn', '1-718-868-2116 x24273', 3300000, 5),
(308, 'Apt. 727 3283 Lynnette Inlet, North Zachariah, LA 28439-2136', 'Jeremy Boyle', '(258) 901-3497', 3200000, 5),
(309, 'Suite 043 2537 Leslie Plaza, North Auroraland, HI 49515', 'Ellsworth Skiles I', '111.126.4332 x2276', 3500000, 5),
(310, '90943 Nicolas Prairie, Kovacektown, TN 81022', 'Kenny Sipes', '328-788-9965', 3600000, 5),
(311, 'Apt. 773 62198 Santiago Groves, East Elmer, KS 23000', 'Tory Stokes', '832-454-1479 x56922', 3225000, 6),
(312, 'Apt. 853 00387 Bosco Divide, Lake Travisport, KS 13575', 'Dung Abshire', '1-298-943-2856 x9520', 4850000, 6),
(313, '89166 Torphy Light, Sauerburgh, AR 11323-2969', 'Hayley Dietrich', '1-119-580-7867 x403', 3450000, 6),
(314, '8893 Gerlach Lock, Zackmouth, ME 89580', 'Mrs. Dorie Turcotte', '665-018-2405', 2700000, 6),
(315, '17285 Abernathy Lodge, Lake Colbyport, AK 00617', 'Travis Hegmann Sr.', '442.915.8397 x210', 2500000, 6),
(316, 'Suite 856 752 Oberbrunner Spring, North Frankie, VT 21130', 'Nigel Rice', '1-701-165-3115 x7643', 3750000, 6),
(317, 'Apt. 888 30119 Eldridge Valley, West Art, MO 84047', 'Barney Heidenreich', '(558) 517-0346 x205', 3600000, 6),
(318, '25397 Kalyn Bridge, East Donnettefurt, MS 40821', 'Rosario Morar', '564.443.8958 x74599', 3125000, 6),
(319, '8511 Schinner Plaza, New Allyson, OK 72535-4677', 'Daniella Grady Sr.', '827.956.5926 x383', 3200000, 6),
(320, '467 Bradtke Square, New Gema, NM 30259-6265', 'Donovan Hodkiewicz', '1-845-116-1609', 4050000, 6),
(321, '6521 O\'Keefe Glens, Port Dreamabury, NE 67699-2373', 'Carlie Windler', '1-797-919-1821', 3900000, 7),
(322, '6681 McGlynn Forks, MacGyverport, MO 96036', 'Edmund Willms', '(352) 356-8991', 4500000, 7),
(323, 'Suite 636 582 Lulu Lane, Franeckimouth, ND 49777', 'Jenny Brakus', '(086) 945-5160 x10696', 2600000, 7),
(324, 'Suite 463 80199 Carroll Stravenue, West Angelomouth, ID 58633', 'Winfred Murray DVM', '(930) 106-0497', 3700000, 7),
(325, 'Apt. 670 0227 Krajcik Station, New Newtonborough, LA 41487', 'Dr. Christin Aufderhar', '853-994-9500 x5569', 3500000, 7),
(326, '11720 Karina Place, Kithaven, CO 78809-5872', 'Doria Boyle DVM', '646.068.4101 x750', 4100000, 7),
(327, 'Suite 135 40776 Kerluke Groves, Bereniceland, AK 50408', 'Cordell Gulgowski', '(502) 988-6617', 3300000, 7),
(328, 'Suite 405 66255 Blanda Heights, Lake Corey, ND 28772-4086', 'Victor Herzog V', '359-532-9444', 3000000, 7),
(329, 'Apt. 339 284 Swaniawski Estate, Thielborough, FL 30960', 'Mrs. Rupert Corkery', '1-476-313-9956 x31685', 2900000, 7),
(330, 'Suite 408 3366 Dreama Vista, East Reggie, AR 98619-6007', 'Noah Pagac', '(794) 340-1032', 3750000, 7),
(331, '5195 Klein Manors, Alyciaview, AR 66802', 'Miss Augusta Brown', '537.996.9009', 2300000, 8),
(332, 'Suite 716 5926 Gayle Drives, South Everettefurt, WA 71257-8632', 'Lupe Beier', '427-149-8447', 3025000, 8),
(333, 'Apt. 818 3132 Crooks Union, Crooksfort, LA 65446', 'Mose Breitenberg', '031-947-1254 x537', 2825000, 8),
(334, 'Apt. 305 007 Gretchen Island, New Arlindachester, ME 93665-7784', 'Mrs. Kyong Welch', '(875) 318-6628', 2950000, 8),
(335, '86543 Elfreda Islands, South Bettyhaven, NY 91133-0014', 'Pierre Mitchell', '1-107-043-4805 x529', 4950000, 8),
(336, 'Suite 382 8049 Ferdinand Neck, Lake Steffanie, MD 36238-6185', 'Miss Nichelle Langworth', '596.285.5734', 3075000, 8),
(337, 'Suite 335 090 Goldner Passage, East Johanne, NJ 43777-6918', 'Emile Jones', '(684) 792-1385 x7592', 3250000, 8),
(338, 'Apt. 661 721 Cremin Centers, Georgestad, NJ 16594', 'Ms. Erick Kozey', '1-270-338-7038', 3950000, 8),
(339, '94517 Swift Village, Kuhicberg, LA 23031', 'Dr. Barney Powlowski', '(903) 280-6068', 3100000, 8),
(340, 'Apt. 497 99066 Christiansen Courts, Kuphalmouth, TX 24812-5391', 'Alva Runte Sr.', '(359) 929-2390 x8044', 2600000, 8),
(341, '88231 Jacobi Views, South Kristyn, MI 61507-4598', 'Freddy Davis', '(707) 404-4533', 3050000, 9),
(342, 'Suite 239 76561 Hickle Ferry, Kathrinchester, UT 80954-1392', 'Colton Brakus DDS', '601-898-0412 x96380', 3000000, 9),
(343, 'Suite 527 87739 Reichel Mission, Hegmannville, SD 68398', 'Barabara Zboncak', '274.512.8638', 3575000, 9),
(344, 'Suite 641 7424 Dannie Forks, Alifort, ME 68662-8492', 'Ermelinda Torphy', '1-969-282-9647 x86656', 2900000, 9),
(345, 'Suite 104 80992 Leuschke Hollow, East Ronniefort, CA 33945', 'Luciano Walsh', '626.484.8311', 3100000, 9),
(346, '3536 Hettinger Spur, West Aide, VT 54939', 'Aurore Barton', '494.726.3040 x13679', 2900000, 9),
(347, '516 Travis Circles, South Noe, NJ 46734-5838', 'Domenica Zemlak', '984.753.6522 x5574', 3600000, 9),
(348, 'Suite 204 531 Dietrich Ridge, Strackemouth, NM 40648', 'Karan Zieme', '(637) 593-6329 x296', 2975000, 9),
(349, '3501 Borer Hollow, South Cyndiland, MS 01839', 'Christin Nolan II', '1-240-067-4101 x1562', 3375000, 9),
(350, '221 Winston Canyon, Mosciskifurt, NY 09691', 'Debra Predovic PhD', '810.794.6438 x59433', 3375000, 9),
(351, 'Suite 723 5965 Torp Light, Dietrichfurt, ND 38824-5726', 'Morris Harris', '(586) 113-7030 x34814', 3200000, 10),
(352, '733 Monika Skyway, Ankundingview, NC 46701-0105', 'Seema Dickinson', '133-994-2065 x257', 3275000, 10),
(353, '9391 Hettinger Plains, Bernhardstad, AR 14760', 'Sabra Shanahan', '(801) 711-8136 x6506', 3225000, 10),
(354, '70868 John Curve, New Breeburgh, GA 13746-6273', 'Jade Schuppe', '(152) 949-0294', 3750000, 10),
(355, 'Suite 093 3899 Parker Glen, Fabianshire, AK 72021', 'Marine Fadel', '1-408-963-7502 x84519', 3450000, 10),
(356, 'Suite 496 786 Salena Bridge, South Miquel, TN 34298-1568', 'Golden Crooks', '247-686-1439', 3050000, 10),
(357, '6869 Yundt Path, Nelliebury, CA 25676-1344', 'Micha Robel', '1-117-372-5965 x95263', 2600000, 10),
(358, '03614 Jen Locks, Lake Aldo, CO 78787-6067', 'Austin Stanton', '(921) 486-5545', 2800000, 10),
(359, 'Suite 142 03117 Blanda Track, Bertton, AK 76465-6262', 'Eric Monahan', '1-275-384-6415 x03742', 2250000, 10),
(360, '7629 Gaylord Port, East Charleyhaven, NE 04215-6051', 'Walton Rodriguez', '237.624.5677 x424', 3600000, 10),
(361, 'Apt. 845 08565 Melvin Court, South Wendell, WV 09954-3064', 'Dr. Blair Flatley', '320.814.5419 x76118', 3250000, 11),
(362, '602 Berry Forks, South Amanda, MD 00904', 'Cortez Bradtke', '510.984.3526 x849', 2800000, 11),
(363, '331 Nova Neck, South Shizue, SC 13115', 'Dr. Larae Herzog', '(698) 652-3728', 3600000, 11),
(364, '66438 Nitzsche Stravenue, New Donetta, TX 23961', 'Joyce Brakus', '693.761.0059 x59878', 2925000, 11),
(365, 'Suite 942 423 Toshia Neck, Numbersbury, MN 57692', 'Makeda Lubowitz', '1-796-044-3435 x07919', 3050000, 11),
(366, '9754 Kiehn Hills, East Ethyl, OR 15841-8978', 'Darrel Hane', '1-043-072-5649', 2600000, 11),
(367, 'Suite 150 5065 Allison Mall, Waynebury, TX 70890', 'Margy Lemke Sr.', '1-676-610-0164', 3275000, 11),
(368, 'Suite 487 43947 Lindgren Manors, South Aline, DE 42484-7160', 'Mervin Halvorson III', '750-262-5332', 2300000, 11),
(369, 'Suite 512 5933 Carrol Turnpike, Bahringerview, UT 00780', 'Wilford Ryan', '1-987-334-8365', 2900000, 11),
(370, 'Suite 253 9742 Jefferson Course, Port Melvinaton, IA 45215', 'Ms. Whitney Rodriguez', '1-168-947-6873 x43238', 3825000, 11),
(371, '685 Abbott Plains, South Fatimahfort, KS 79169-4939', 'Megan Dooley DVM', '603-360-8671 x3959', 4875000, 12),
(372, '381 Grace Avenue, Augusttown, NE 05375-6607', 'Felisa Leuschke', '1-084-506-7253 x652', 3375000, 12),
(373, '36835 Joella Route, Gutkowskiborough, DE 35048', 'Janiece Stracke', '486.022.7446', 4500000, 12),
(374, 'Suite 926 145 Derrick Union, McKenziehaven, NY 43581-5216', 'Miss Audrie Hirthe', '(939) 951-5628', 2825000, 12),
(375, '224 Jean Underpass, Port Lanettefort, WI 88186', 'Raul Jakubowski', '755-719-0278 x089', 2375000, 12),
(376, 'Apt. 559 127 Chang Forks, Winstonberg, ID 91816', 'Mrs. Ike Baumbach', '1-609-678-2027 x39201', 3250000, 12),
(377, '570 Titus Islands, Leuschkeside, CO 77893-4784', 'Mr. Krissy Wisoky', '317-225-1062', 3050000, 12),
(378, 'Apt. 343 328 Mitchell Valley, McGlynnhaven, VT 00824-8104', 'Luigi Altenwerth', '1-189-752-3150 x2899', 3900000, 12),
(379, 'Apt. 130 29047 Herminia Mount, Port Mika, NC 42685-8592', 'Arlette Corkery', '(835) 013-8118 x2508', 2600000, 12),
(380, '32756 Ruecker Mountains, Damienborough, SD 65955-2513', 'Rima Maggio', '(466) 529-4263 x73935', 3750000, 12),
(381, 'Apt. 345 94685 Willms Squares, New Oliva, MO 34052', 'Gonzalo Walter IV', '1-607-571-3039 x5497', 3375000, 13),
(382, '50726 Beahan Curve, West Virgiltown, NV 41757', 'Miss Gabriel Powlowski', '1-240-115-0994 x64549', 3750000, 13),
(383, 'Apt. 843 51422 Hobert Pike, West Dexter, NJ 41354-1248', 'Owen Reichert', '618-774-5118 x387', 5400000, 13),
(384, '9646 Gerhold Island, Efrainville, MD 60177-5911', 'Mrs. Ervin Reichert', '810-534-7708', 3525000, 13),
(385, 'Suite 955 042 Francis Drive, East Mary, IN 98856', 'Maurita Mitchell', '1-111-673-2834', 4050000, 13),
(386, '884 Marquardt Orchard, New Montyborough, CO 23400-8922', 'Andreas Anderson PhD', '1-279-066-5820', 3100000, 13),
(387, 'Suite 709 928 Sheilah Heights, East Ming, AL 74263', 'Mrs. Tabetha Hilpert', '808.975.8109', 3600000, 13),
(388, 'Apt. 511 2739 Deandre Causeway, New Rolland, AL 25784-8051', 'Enid Abbott DDS', '1-126-349-5242 x494', 2700000, 13),
(389, '9424 Shields Center, Dachbury, AL 11205-1379', 'Isabelle Osinski', '1-783-099-6962', 2250000, 13),
(390, 'Suite 387 61351 Von Ford, South Florenciofort, KY 02050', 'Selena Rosenbaum', '054.283.9915 x3449', 3075000, 13),
(391, 'Apt. 363 675 Schultz Springs, South Mireilleshire, NC 73229', 'Willow Conn', '1-225-431-1000 x1085', 2500000, 14),
(392, '24835 Parisian Oval, New Heathberg, SD 21292', 'Andres Corkery', '673.249.9422', 3225000, 14),
(393, 'Apt. 818 288 Metz Land, New Candyceview, AZ 04838', 'Mr. Jolynn Rau', '505.737.2924 x11988', 2725000, 14),
(394, '6794 Breitenberg Mountain, Lake Jacquelinberg, NY 29895', 'Quiana Fritsch', '430.101.6192 x6713', 3300000, 14),
(395, 'Suite 626 231 Dooley Fords, Schowalterburgh, WI 98395', 'Tiesha Wolf II', '045-203-4149 x697', 2750000, 14),
(396, '90608 Glennie Square, Batzfurt, DE 77662', 'Gay Nolan', '496-021-3087', 3225000, 14),
(397, 'Apt. 204 45850 Treutel Rapids, Ozellville, MD 85005', 'Pasquale McKenzie', '303-428-4910 x81417', 3475000, 14),
(398, '86871 Delbert Overpass, East Manual, MS 41287', 'Anjanette Gleichner', '455.348.3239', 3000000, 14),
(399, '7330 Nolan Pike, Elisechester, WI 43515', 'Mr. Garry Bednar', '854-904-3457', 2925000, 14),
(400, '0912 Gordon Plains, Wildermanbury, VT 03985-2300', 'Orville Funk', '133-285-0851', 3900000, 14),
(401, 'Apt. 957 39120 Luke Stravenue, Marcieshire, MO 94247-2052', 'Damon Jenkins', '(400) 672-6790 x0371', 4650000, 15),
(402, 'Suite 510 88435 Moore Fort, Port Lauren, GA 45511-2741', 'Julee Halvorson', '1-575-855-2963 x098', 3500000, 15),
(403, 'Apt. 490 21376 Fisher Creek, South Garretton, AK 34089-4132', 'Berry Hermiston MD', '963-891-7128 x32996', 5150000, 15),
(404, 'Apt. 736 3303 Kerry Expressway, Osinskiburgh, LA 71343-4271', 'Anibal Marvin', '898.715.7138 x07183', 2950000, 15),
(405, 'Suite 801 75519 Rutherford Cliffs, Breitenbergshire, NJ 48911', 'Mrs. Cordell Johnston', '923-548-3925', 2300000, 15),
(406, '224 Ray Forest, Mohrfurt, UT 64030-6010', 'Tuan Jacobson DVM', '212.549.2243 x328', 3250000, 15),
(407, '294 John Spurs, Lucasshire, MO 16559', 'Dr. Layla Ernser', '058.164.2898 x60989', 4800000, 15),
(408, '061 Mario Station, New David, KY 70162', 'Moriah Weber', '266.048.2197', 2600000, 15),
(409, 'Apt. 201 678 McLaughlin Inlet, North Tyree, FL 09227-3443', 'Nakisha Berge', '956-550-1148 x50771', 3250000, 15),
(410, 'Apt. 898 053 Berge Dam, Ouidaborough, UT 85724', 'Ms. Mellie Carroll', '864.341.5549 x990', 2950000, 15),
(411, '4221 Kemmer Course, Heathcotechester, ID 59403-4507', 'Donny DuBuque', '1-736-176-7623 x9247', 3375000, 16),
(412, '84355 Wyman Heights, Gleichnermouth, HI 28601-2378', 'Eliseo Bahringer', '706.020.1747 x26955', 3350000, 16),
(413, '04184 Wilderman Hills, Marilynnmouth, KS 95945', 'Claire Cruickshank DVM', '(612) 083-0227 x93531', 3700000, 16),
(414, '1690 Florida Fork, North Bellmouth, IA 05320', 'Kristi Marquardt', '766.215.6469 x40001', 4875000, 16),
(415, '182 Quitzon Forest, Erdmanfort, IA 05547', 'Abram Gorczany', '703.761.6737 x0030', 2200000, 16),
(416, '68208 Greenholt Cape, Swiftburgh, LA 70798', 'Rosette Breitenberg MD', '567.613.2488 x78186', 2625000, 16),
(417, 'Apt. 265 68409 Carmon Mountain, Davismouth, IN 81576', 'Ms. Sal Swaniawski', '950-484-6582', 2750000, 16),
(418, 'Apt. 893 539 Emilio Fork, Lake Tristan, IA 25597', 'Burton Lueilwitz', '1-702-178-4915 x22217', 3450000, 16),
(419, '141 Weissnat Rapids, Benjaminstad, OR 14038-1034', 'Ivy Terry', '117-444-5159 x3983', 4950000, 16),
(420, 'Apt. 911 8687 Clemencia Cliff, Blockside, PA 70491-6549', 'Neal Heller V', '334.893.5962', 3175000, 16),
(421, '833 Heller Grove, Naomahaven, GA 73983-2382', 'Idella Kohler', '(747) 730-4722', 3200000, 17),
(422, '55483 Fadel Forge, Port Norbert, MS 14329-3344', 'Dwain Pouros', '275.344.7092 x408', 3500000, 17),
(423, '930 Breitenberg Run, Chiekostad, WY 87286-5382', 'Dr. Lu Gutkowski', '(864) 697-4035', 2675000, 17),
(424, '9631 Bailey Inlet, Lake Walton, OR 15368', 'Venice McCullough', '816-491-2954', 3325000, 17),
(425, '91350 Lockman Lodge, North Huong, AK 49683-4899', 'Tonie Adams MD', '640-686-4552', 3500000, 17),
(426, 'Suite 107 7102 Ryann Corner, Port Walker, MT 58233-5226', 'Paris Gottlieb', '230-040-8417 x02596', 5250000, 17),
(427, 'Suite 787 63921 Watsica Glens, New Phung, NY 78708-0170', 'Elisha Bayer', '495-435-2161', 2750000, 17),
(428, 'Suite 748 54976 Izetta Point, Carlosside, ME 66442-3413', 'Dr. Cleveland Hammes', '1-287-611-8430 x59920', 3375000, 17),
(429, '847 Sanford Union, New Rebecca, CA 40109-7146', 'Lauren Littel', '436.279.3426 x6903', 3250000, 17),
(430, 'Apt. 956 4846 Ferdinand Landing, Port Liberty, IA 31007-3592', 'Mari Harris Jr.', '(698) 982-7530 x774', 2575000, 17),
(431, '198 Ruth Junction, East Daniel, VA 12647-8923', 'Ms. Diego Fritsch', '979-472-7461', 2925000, 18),
(432, '27993 Danita Wells, Miguelville, IL 27947-4584', 'Porter Osinski', '261-885-1600 x2165', 2100000, 18),
(433, '59815 Keebler Glen, West Magaly, FL 67354', 'Tracee Gutkowski', '367-380-9395', 2950000, 18),
(434, 'Suite 610 43478 Manual Causeway, West Lucas, IN 31804', 'Everette Carroll', '543.287.7380', 3600000, 18),
(435, 'Apt. 186 26417 Debrah Mission, South Rudolf, TX 73778-3021', 'Antonia Gibson', '(957) 889-4779 x2435', 3500000, 18),
(436, '68056 Zulauf Port, Halvorsonbury, NV 98206-8068', 'Ms. Noel Moen', '174.959.9966 x81796', 2650000, 18),
(437, '97380 Cassandra Spurs, North Lonbury, NE 52490', 'Wanda Spinka', '(340) 980-8569', 3050000, 18),
(438, 'Apt. 959 90673 Rea Club, Auertown, CO 97610-5113', 'Danyel Davis', '562-201-6443', 2500000, 18),
(439, 'Apt. 255 059 Bins Coves, Port Tamatown, OH 73261-2873', 'Laci Haley', '(053) 700-4754 x398', 5450000, 18),
(440, '139 Price Fall, Hesseltown, ID 12794', 'Steve Runte', '(128) 535-2730 x94714', 4200000, 18),
(441, '4789 Derek Shoals, Port Winford, NH 27891-9051', 'Mrs. Claude Hansen', '1-371-849-6143', 2875000, 19),
(442, 'Apt. 610 250 Chang Plaza, Rosenbaumburgh, HI 89653-5214', 'Lynna Ruecker Sr.', '(357) 348-8170', 4300000, 19),
(443, '305 Wyatt Avenue, Erintown, VA 00235-1470', 'Maricela Bradtke', '049.925.2508 x910', 3525000, 19),
(444, '0339 Koepp Harbor, Port Kattie, IL 95975', 'Maragaret McGlynn Sr.', '060.083.7208', 3600000, 19),
(445, '996 Allegra Trail, Port Skye, IL 91532', 'Lenny Leuschke IV', '393-404-9787', 3750000, 19),
(446, 'Suite 988 52413 Margurite River, New Ruebenberg, KS 30269', 'Esteban McDermott', '(494) 615-3634 x26922', 3150000, 19),
(447, '9622 Bernhard Stravenue, New Alexis, MO 23535', 'Nathaniel Mueller DDS', '1-690-393-8713', 3600000, 19),
(448, 'Apt. 775 7363 Brain Pike, East Jona, WI 58333', 'Leif Hand', '908-153-1040 x822', 2950000, 19),
(449, '5875 Dietrich Mountain, Jastton, VT 91063', 'Dr. Azucena Hamill', '(608) 935-9354 x066', 3125000, 19),
(450, 'Suite 434 20906 Jared Inlet, West Linobury, TX 52956', 'Miss Leslie Rohan', '(560) 351-3128', 4500000, 19),
(451, 'Apt. 406 040 Fredda Village, Columbuston, MT 27333-0853', 'Jacob Mayert', '414.983.6735', 2800000, 20),
(452, 'Suite 969 4442 Weimann Manors, West Keciaburgh, NJ 17690-6535', 'Lane Williamson', '457-854-0799 x55303', 3100000, 20),
(453, 'Apt. 161 11053 Jae Club, South Armando, NC 28387', 'Flor Borer', '511.747.8522 x5279', 3125000, 20),
(454, '7103 Shira Lake, East Elanor, CO 54118-8644', 'Mr. Gilma Deckow', '711.226.0094 x6834', 2400000, 20),
(455, '461 Kihn Square, Marquardtfort, OR 48340', 'Jeffry Lesch MD', '767.522.8394', 7650000, 20),
(456, 'Suite 747 241 Mayert Pine, Dolorisview, MD 57960', 'Connie Stokes', '(584) 362-2556 x0901', 3250000, 20),
(457, '832 Hilll Motorway, Nolanborough, NJ 54516', 'Tonja Jaskolski', '(691) 266-3159', 3375000, 20),
(458, 'Suite 210 3287 Gleichner Union, Gerardchester, OH 90803', 'Charise Greenfelder', '(206) 560-2936 x948', 2950000, 20),
(459, 'Apt. 142 3706 Tracee Station, South Bomouth, AK 58737-3479', 'Arlie Powlowski V', '1-223-831-7746', 2750000, 20),
(460, 'Apt. 948 59110 Gerard Summit, East Pablo, SC 40096-4285', 'Felix Bogisich', '1-753-801-6042', 4200000, 20),
(461, '776 Derrick Corners, South Gianna, SC 43721-7188', 'Loree Mohr', '1-204-126-6514 x92458', 2700000, 21),
(462, 'Suite 333 072 Carter Drive, Brunildachester, KY 29781-2275', 'Mrs. Kaylene Kshlerin', '(020) 645-4465 x27352', 2900000, 21),
(463, '555 Kirlin Valley, West Haywood, TX 63478-1446', 'Mohammed Durgan', '(510) 209-0954', 3100000, 21),
(464, '770 Mayer Common, Garnettton, WV 44976', 'Brady Farrell', '728-654-6619 x73386', 3125000, 21),
(465, 'Apt. 036 4795 Brekke Branch, East Bettina, AZ 62154', 'Lorette Stoltenberg', '1-795-453-0524 x4984', 3450000, 21),
(466, '0143 Marti Passage, North Eboniemouth, MO 45622-6366', 'Romana Mann', '1-636-270-5259 x77699', 3300000, 21),
(467, '50539 Nolan Junction, New Shantellestad, SC 05217-2402', 'Vikki O\'Conner II', '326.706.6264 x39773', 4050000, 21),
(468, 'Suite 612 0828 Vannessa Forge, New Jerry, KY 87436-6031', 'Lera White', '1-424-757-8318 x54983', 3950000, 21),
(469, '05624 Pouros Oval, Micaelabury, UT 31321', 'Mrs. Samual Luettgen', '1-708-656-7795 x193', 2500000, 21),
(470, '2454 Johnston Islands, Port Deberaborough, OK 49677-2184', 'Lupe Turcotte', '1-579-467-7588 x13425', 3125000, 21),
(471, 'Suite 635 28812 Kimberley Curve, Vicenteville, DE 56699', 'Salvador Cruickshank', '281-887-1361', 3000000, 22),
(472, '434 Lockman Expressway, East Geraldoberg, AK 46649', 'Shena Mills', '1-873-362-2904', 3050000, 22),
(473, '143 Denny Motorway, South Francesville, OR 11146-0244', 'Dr. Yasmin Heaney', '(819) 284-0842', 3275000, 22),
(474, 'Suite 507 1217 Sawayn Stravenue, North Kayla, WI 22893', 'Ivan Balistreri III', '1-973-731-3104 x6506', 3625000, 22),
(475, '299 Weimann Throughway, New Zachariahborough, NH 12079', 'Arianne Nicolas', '560-783-5834 x92387', 3050000, 22),
(476, 'Suite 988 3470 Grant Circle, North Nicolas, CT 36452', 'Kimberley Cronin', '(008) 277-5686', 3700000, 22),
(477, '34920 Upton Lodge, Dinochester, IN 27093', 'Denice Jacobi', '1-317-128-7526 x25634', 3025000, 22),
(478, '53320 Delois Drive, Rempelshire, TX 11917', 'Jolene Robel', '(667) 565-2889 x350', 2800000, 22),
(479, '6629 Dierdre Courts, Staciaside, OK 32751-8394', 'Nicholas Ratke PhD', '955-045-1115', 3000000, 22),
(480, 'Apt. 963 540 Schumm Squares, Lake Michelton, AZ 83251-2421', 'Brent Deckow', '1-653-237-2774 x18034', 3150000, 22),
(481, '92519 Allan Causeway, Rohanhaven, MA 87620-7744', 'Ike Dooley', '(827) 570-6699 x1540', 2900000, 23),
(482, 'Apt. 776 2708 Nina Hollow, Cesarmouth, MO 33543', 'Miss Trent Huels', '784.434.5037 x21186', 3525000, 23),
(483, 'Apt. 080 10785 Feil Brooks, Swiftside, NM 49807-1627', 'Sammie Homenick', '(063) 499-8304', 2800000, 23),
(484, '321 Alvaro Hollow, Andyborough, MD 24403', 'August Pfannerstill', '1-195-564-5360', 3750000, 23),
(485, '32285 Larkin Islands, Haleyside, LA 08859', 'Mr. Marlon Jacobi', '1-750-215-1203', 3300000, 23),
(486, '890 Gwendolyn Inlet, Kozeyville, FL 38508', 'Ms. Belva Walsh', '056-728-3547', 3025000, 23),
(487, 'Apt. 325 2002 Dibbert Crescent, Toddbury, IL 54171-2377', 'Jessia Mann DVM', '078.727.9820 x46319', 3350000, 23),
(488, '661 Gibson Throughway, Idellaport, KY 14261', 'Isabelle Bernier', '048-074-2161', 3300000, 23),
(489, 'Suite 372 76963 Angelo Isle, Harberport, IA 35159-9511', 'Colin Wyman', '1-206-158-4954 x618', 3100000, 23),
(490, 'Suite 822 53100 Virgil Islands, Nikolaushaven, ME 69830', 'Dr. Carroll Botsford', '1-901-350-1964 x840', 3375000, 23),
(491, '7353 Juan Bypass, Webermouth, AZ 37561-8882', 'Erwin Runolfsson DDS', '490.235.5551 x49670', 3125000, 24),
(492, 'Suite 359 53998 Hessel Pass, Vanessatown, FL 99245-0731', 'Omer Hessel', '457-276-0773', 2900000, 24),
(493, 'Suite 723 296 Rath Wells, New Ashley, NM 24569', 'Cheryl Fritsch', '290-954-7130 x05245', 4350000, 24),
(494, '00247 Shelba Plains, Demetriaburgh, NH 43310', 'Tanisha Rempel II', '(188) 604-4464 x902', 3000000, 24),
(495, 'Apt. 212 65078 Janie Stravenue, Stantonton, SC 62813', 'Jospeh Turcotte', '735-982-1085 x5868', 3800000, 24),
(496, 'Apt. 261 318 Freida Parkways, Schinnerborough, IL 62769-2700', 'Neva Reynolds', '197-082-4293', 3200000, 24),
(497, 'Suite 443 07145 Sammy Meadows, Erdmanshire, TX 13739-8894', 'Raymond Mraz', '(724) 216-2241 x19973', 3700000, 24),
(498, 'Apt. 591 992 Zachariah Mission, Saulland, AK 42855-2367', 'Marlo Kub', '(857) 759-9720', 3200000, 24),
(499, '73375 Swaniawski Springs, East Agnes, NC 40990', 'Ms. Jeanetta Rodriguez', '156-033-7573 x178', 2600000, 24),
(500, '3813 Stanton Junctions, East Nubia, UT 66465', 'Janay McLaughlin', '1-109-987-2685', 3600000, 24),
(501, '1368 Trent Cape, Bruenshire, KS 09449', 'Mr. Tamatha Johns', '139-493-5855 x254', 3600000, 25),
(502, '6283 Edwin Hills, Port Dennystad, ND 68682-4041', 'Noella Shields', '1-258-417-0749', 5100000, 25),
(503, '6099 Cummerata Crest, South Gwen, CT 61763', 'Joe Brown', '1-589-918-6688', 3750000, 25),
(504, 'Apt. 380 922 Venus Valley, Lake Janieside, AK 15037-8725', 'Natosha Reilly', '1-074-859-6029 x27720', 3600000, 25),
(505, '96305 Spinka Isle, New Royalland, MN 92714-7354', 'Kendra Johnson', '1-946-704-3186', 3600000, 25),
(506, 'Suite 133 80247 Vania Crossroad, South Emil, DE 64438', 'Lisette Hilpert DVM', '(459) 487-7734 x64914', 4375000, 25),
(507, 'Apt. 021 452 Goldner Inlet, North Rosendo, NE 02556-1236', 'Lona Ebert IV', '(383) 168-9743', 3400000, 25),
(508, 'Apt. 597 075 Newton Ridge, Port Brianna, OK 71905-1492', 'Augustine Kuhn', '1-278-982-1943 x445', 3250000, 25),
(509, 'Suite 229 099 Runte Parkway, Kerlukeburgh, MT 15028-3276', 'Cristi Brekke', '(964) 088-5177', 2550000, 25),
(510, 'Suite 043 1251 Frankie Place, Lizethburgh, CO 06350', 'Aletha Schmeler', '1-885-608-9612', 2550000, 25),
(511, 'Apt. 202 3627 Soila Rest, Port Darlineview, OK 48221-1092', 'August Swift', '634-332-4539', 2975000, 26),
(512, 'Suite 553 70055 Kayleen Underpass, Gerardoberg, IA 91083', 'Rose Champlin Jr.', '282.278.6241 x7458', 3600000, 26),
(513, '55942 Bayer Parks, Yukiview, OH 71288-8051', 'Myles Zulauf DDS', '1-502-750-8659 x2035', 2750000, 26),
(514, 'Apt. 246 73066 Maggio Extensions, Cassidychester, NM 53733', 'Mr. Ardath Huel', '1-213-550-4270', 3750000, 26),
(515, 'Suite 584 848 Theron Camp, Smithamfurt, ID 31828-5445', 'Johnson Hilll', '749.336.2063', 2900000, 26),
(516, 'Apt. 209 8714 Bednar Village, Lake Demetrice, CT 97115', 'Bert Dickens', '840.257.0105 x4758', 3550000, 26),
(517, 'Suite 464 9609 Clarice Plains, McCulloughport, CO 98482', 'Madaline Volkman Jr.', '516.059.4178', 2900000, 26),
(518, 'Apt. 189 14489 Schulist Lodge, New Armand, NV 85774-0222', 'Bessie Rodriguez', '(046) 595-4886 x964', 2750000, 26),
(519, 'Apt. 089 68258 White Alley, Lebsackview, TX 31177', 'Mrs. Terisa Stroman', '1-666-782-8995 x07348', 4700000, 26),
(520, '91757 Stark Forge, Denesikberg, PA 90006-6509', 'Mr. Bradford Kautzer', '500.247.7952 x76737', 2700000, 26),
(521, '89956 Edward Haven, East Marlyn, MN 45252-2289', 'Mrs. Annalee Hessel', '1-451-644-0176 x74139', 3350000, 27),
(522, 'Apt. 546 1145 Spencer Glen, New Hugoberg, KS 71176', 'Daniel Robel', '1-952-189-3187', 3750000, 27),
(523, '333 Maybelle Turnpike, Aufderharborough, TN 79658', 'Ettie Pfannerstill IV', '427-797-8082 x470', 3550000, 27),
(524, '0563 Shaun View, Westborough, CA 60931-7637', 'Jerrold Langosh III', '618.533.3824', 3825000, 27),
(525, 'Suite 289 381 Lee Park, Lake Ameliatown, WV 63749-1097', 'Wiley Emard', '1-852-775-8369 x24366', 3200000, 27),
(526, 'Apt. 365 193 Jewel Shoals, Kunzeburgh, WI 91331-2413', 'Richie Pollich', '1-745-667-7415 x782', 3500000, 27),
(527, 'Apt. 377 651 Russ Pass, Fishermouth, KS 73138-1040', 'Nelson Barton DDS', '328.293.4744', 3400000, 27),
(528, 'Suite 206 5760 Leo Stream, West Franklynton, WI 49072-1207', 'Ms. Frances Spencer', '1-824-422-1642 x19651', 3750000, 27),
(529, '33188 Alla Alley, New Sanford, ME 99094', 'Waylon Ankunding V', '1-244-733-6641 x11466', 4650000, 27),
(530, 'Suite 242 23981 Jimmie Fields, Boehmton, WV 44088-0521', 'Donnie Schneider', '335.939.5242 x012', 3150000, 27),
(531, 'Suite 444 4857 Aufderhar Glen, Legroshaven, HI 80454-4094', 'Sharita Nikolaus', '1-082-896-6269', 3900000, 28),
(532, '39344 Schaden Mews, New Charlotte, SD 42736-9887', 'Kia Keebler', '(637) 617-3686 x88746', 3750000, 28),
(533, '2554 Jarod Parks, Hagenesfurt, KY 07078-7337', 'Karin Hyatt PhD', '1-782-513-0770 x424', 3625000, 28),
(534, '649 Chanelle Isle, Robertostad, NV 55859-0388', 'Maranda Treutel', '712-739-5650', 3750000, 28),
(535, '427 Kunze Meadow, New Yong, DE 15139', 'Jamal McClure', '(600) 272-0726 x20816', 3050000, 28),
(536, '917 Jeanett Plain, East Geraldo, IN 95665', 'Layla Carroll', '976-631-2709 x54052', 3525000, 28),
(537, '006 Metz Mountains, Port Otha, RI 03711-2978', 'Tennie Wiza', '1-674-760-1246 x89887', 4675000, 28),
(538, '6653 Williamson Squares, West August, OK 88192-8899', 'Hans Schmidt', '1-188-086-3431', 2675000, 28),
(539, '83963 Kulas Harbor, North Monroetown, IL 88570-5444', 'Harley Ziemann', '(889) 236-4441 x9386', 3250000, 28),
(540, '710 Mauro Island, Lake Blanca, NJ 57601', 'Jana Barton', '868-073-8452 x7683', 4050000, 28),
(541, '33520 Hayden Green, Sarinabury, MN 35197', 'Valentin Pacocha', '1-275-867-1201 x4837', 2825000, 29),
(542, '10291 Gwenda Views, New Louborough, OK 25994', 'Dirk Prosacco', '663.943.2197', 2950000, 29),
(543, 'Suite 455 484 Thiel Loop, West Maye, NC 19827', 'Crystle Turner', '277.683.7492 x8555', 3250000, 29),
(544, '826 Hilde Mountains, Port Christopherbury, TX 35871-5694', 'Rosa Yundt', '361-092-0787 x1683', 3750000, 29),
(545, '0987 Nicole Mountains, Kilbackburgh, DE 81199', 'Nilda Sawayn Sr.', '936.447.0016', 3450000, 29),
(546, '2911 Mante Plains, New Linneamouth, MI 20863-3501', 'Kristy Kassulke', '(084) 313-8795', 3900000, 29),
(547, 'Suite 165 323 Laurena Land, Oleneport, ND 46525', 'Dr. Bobbie MacGyver', '(562) 694-5134', 3375000, 29),
(548, '347 Goodwin Hills, Lake Edythefort, CT 48624-9653', 'Miss Naida Metz', '1-568-186-2864 x6780', 3050000, 29),
(549, '97524 Herzog Ridges, Merrillchester, OK 77877-9338', 'Flora Lemke DVM', '1-888-437-0259', 3825000, 29),
(550, '7651 Ivey Knolls, East Charise, HI 36453-1598', 'Miss Dexter Ullrich', '487-617-0743 x4971', 2700000, 29),
(551, '4882 Jerde Light, Alanside, TX 28303-8219', 'Blake Jacobs PhD', '1-856-986-5174', 3100000, 30),
(552, '7773 Zulauf Fall, Port Nicholfurt, RI 37418', 'Miss Rolf Mertz', '159.607.1222', 3600000, 30),
(553, 'Suite 760 726 Mayer Summit, Skilesview, AL 58822', 'Preston Witting', '1-043-652-8440', 3200000, 30),
(554, 'Suite 984 68179 Lucius Key, North Rodolfo, IA 45202', 'Gerard Heller', '(099) 435-6524', 3300000, 30),
(555, 'Apt. 886 75640 McCullough Courts, Dorlaborough, AK 37932-7528', 'Jalisa Zieme', '884-763-8163 x22671', 3500000, 30),
(556, '73681 Pablo Ford, North Everette, LA 51629-5885', 'Travis Dickinson MD', '414.916.8436 x85823', 3125000, 30),
(557, '05899 Morissette Brook, Tillmanhaven, KY 33251', 'Sterling Harber', '(595) 188-7932', 2800000, 30),
(558, '8759 Ashleigh Grove, New Lakeshia, CA 94289', 'Alena Mohr MD', '1-498-126-9029 x31477', 3375000, 30),
(559, 'Suite 806 903 Ruecker Freeway, North Belva, NC 97301', 'Greta Cassin', '(767) 895-6906', 3350000, 30),
(560, 'Suite 468 087 Welch Dam, South Jaeshire, NJ 92362', 'Mrs. Lashawna Crooks', '(868) 707-2008 x667', 3775000, 30),
(561, 'Apt. 100 880 Murray Rapid, New Keventown, OR 44084', 'Toby Runte', '1-263-478-9261', 3400000, 31),
(562, '40963 Coleman Dam, East Adolph, RI 74710-7636', 'Lidia Padberg', '(460) 641-1456 x643', 3675000, 31),
(563, '465 Dacia Throughway, New Trista, VA 71201', 'Dr. Eloy Hammes', '558.600.7282 x36684', 3400000, 31),
(564, 'Apt. 664 720 Oberbrunner Keys, Eddyview, WY 35479', 'Chantell Hudson', '231-146-9994 x48478', 3600000, 31),
(565, '1941 Ebert Coves, Kovacekburgh, CA 48578', 'Dylan Baumbach IV', '288-201-1067 x307', 5300000, 31),
(566, '5377 Carey Alley, Schaeferborough, KY 35636-0356', 'Elvie Homenick', '(544) 846-1129 x19345', 3225000, 31),
(567, '530 Schmidt Mountain, East Lynn, AL 01821', 'Miranda Turner', '439-576-7456 x83236', 3600000, 31),
(568, '40644 Stamm Ramp, Nitzschemouth, ND 01568', 'Wilfredo Walter', '736-322-6263 x6777', 3200000, 31),
(569, 'Apt. 642 493 Labadie Ville, Townemouth, MA 24765', 'Devon Doyle', '1-961-702-1321', 2675000, 31),
(570, '95667 Alissa Inlet, Georgeberg, NC 32084', 'Lauren Hoeger', '(872) 669-2290', 3150000, 31),
(571, '29015 Hoppe Path, South Tishaberg, SD 23932-6739', 'Hisako Abernathy', '(077) 046-7987 x91947', 3175000, 32),
(572, '870 Janell Divide, New Theodoreburgh, LA 92664', 'Cindy Smith', '953.139.7009 x7223', 4350000, 32),
(573, 'Suite 446 83835 Crooks Plaza, Dooleyburgh, LA 08159-8775', 'Mr. Eldridge O\'Keefe', '001.436.6986', 2800000, 32),
(574, 'Suite 714 5007 Roob Knolls, Jesusitabury, WA 57022', 'Bert Stiedemann', '1-581-002-8199', 3600000, 32),
(575, '751 Hamill Light, New Stephan, ME 08116-6194', 'Loria Anderson', '1-777-682-0768 x8204', 3375000, 32),
(576, 'Apt. 807 47890 Corwin Common, Lake Sommerfurt, LA 37342-9302', 'Dr. Vito Hintz', '874-614-3194 x13716', 3150000, 32),
(577, 'Apt. 640 46430 Durgan Ports, West Reynaldoside, WI 29975-3095', 'Greg Mante', '781.493.5342', 4125000, 32),
(578, 'Apt. 716 68270 Morar Extensions, New Maryellen, ME 36037', 'Dr. Omar Ryan', '1-187-221-3483 x1091', 3375000, 32),
(579, '30964 Williemae Gateway, Yundtberg, PA 90675-2668', 'Malcom Dooley', '313-124-7800', 3000000, 32),
(580, 'Apt. 088 4436 Haley Center, Lake Aileentown, LA 00003-8636', 'Tameka Halvorson', '249-627-9480 x9175', 3125000, 32);

--
-- Dumping data for table `order_detail`
--

INSERT INTO `order_detail` (`id`, `quantity`, `order_id`, `product_id`) VALUES
(1, 2, 291, 1),
(2, 3, 291, 12),
(3, 3, 291, 24),
(4, 2, 292, 3),
(5, 3, 292, 17),
(6, 3, 292, 8),
(7, 3, 293, 17),
(8, 2, 293, 8),
(9, 3, 293, 18),
(10, 3, 294, 3),
(11, 3, 294, 1),
(12, 2, 294, 3),
(13, 3, 295, 8),
(14, 2, 295, 4),
(15, 3, 295, 25),
(16, 3, 296, 21),
(17, 3, 296, 20),
(18, 3, 296, 24),
(19, 3, 297, 25),
(20, 2, 297, 8),
(21, 2, 297, 24),
(22, 3, 298, 15),
(23, 2, 298, 2),
(24, 2, 298, 18),
(25, 3, 299, 13),
(26, 3, 299, 27),
(27, 3, 299, 13),
(28, 3, 300, 22),
(29, 2, 300, 27),
(30, 3, 300, 2),
(31, 3, 301, 7),
(32, 2, 301, 12),
(33, 3, 301, 20),
(34, 3, 302, 14),
(35, 3, 302, 6),
(36, 3, 302, 18),
(37, 3, 303, 23),
(38, 2, 303, 5),
(39, 2, 303, 11),
(40, 2, 304, 17),
(41, 3, 304, 8),
(42, 2, 304, 24),
(43, 3, 305, 15),
(44, 3, 305, 17),
(45, 3, 305, 23),
(46, 3, 306, 20),
(47, 3, 306, 13),
(48, 3, 306, 10),
(49, 3, 307, 22),
(50, 3, 307, 9),
(51, 3, 307, 7),
(52, 2, 308, 14),
(53, 3, 308, 2),
(54, 3, 308, 20),
(55, 2, 309, 2),
(56, 3, 309, 3),
(57, 3, 309, 12),
(58, 3, 310, 14),
(59, 3, 310, 4),
(60, 3, 310, 14),
(61, 3, 311, 17),
(62, 2, 311, 23),
(63, 3, 311, 15),
(64, 3, 312, 11),
(65, 2, 312, 1),
(66, 3, 312, 19),
(67, 2, 313, 19),
(68, 2, 313, 17),
(69, 2, 313, 13),
(70, 2, 314, 10),
(71, 3, 314, 12),
(72, 2, 314, 8),
(73, 3, 315, 7),
(74, 3, 315, 10),
(75, 2, 315, 5),
(76, 3, 316, 21),
(77, 3, 316, 6),
(78, 3, 316, 11),
(79, 3, 317, 21),
(80, 3, 317, 4),
(81, 3, 317, 21),
(82, 3, 318, 18),
(83, 3, 318, 20),
(84, 2, 318, 20),
(85, 3, 319, 11),
(86, 2, 319, 24),
(87, 2, 319, 21),
(88, 3, 320, 4),
(89, 3, 320, 23),
(90, 3, 320, 12),
(91, 3, 321, 24),
(92, 3, 321, 6),
(93, 3, 321, 11),
(94, 2, 322, 24),
(95, 3, 322, 19),
(96, 3, 322, 27),
(97, 2, 323, 10),
(98, 3, 323, 5),
(99, 3, 323, 27),
(100, 2, 324, 13),
(101, 3, 324, 11),
(102, 3, 324, 3),
(103, 3, 325, 3),
(104, 3, 325, 12),
(105, 2, 325, 2),
(106, 2, 326, 22),
(107, 2, 326, 18),
(108, 3, 326, 19),
(109, 3, 327, 6),
(110, 3, 327, 25),
(111, 3, 327, 22),
(112, 3, 328, 15),
(113, 2, 328, 17),
(114, 3, 328, 27),
(115, 3, 329, 27),
(116, 2, 329, 15),
(117, 3, 329, 5),
(118, 3, 330, 21),
(119, 3, 330, 13),
(120, 3, 330, 8),
(121, 2, 331, 1),
(122, 2, 331, 20),
(123, 2, 331, 27),
(124, 2, 332, 25),
(125, 3, 332, 16),
(126, 3, 332, 1),
(127, 3, 333, 18),
(128, 2, 333, 23),
(129, 2, 333, 3),
(130, 3, 334, 9),
(131, 3, 334, 2),
(132, 2, 334, 25),
(133, 3, 335, 24),
(134, 3, 335, 19),
(135, 3, 335, 9),
(136, 2, 336, 24),
(137, 3, 336, 17),
(138, 3, 336, 27),
(139, 3, 337, 22),
(140, 2, 337, 8),
(141, 3, 337, 24),
(142, 3, 338, 6),
(143, 2, 338, 19),
(144, 3, 338, 14),
(145, 2, 339, 3),
(146, 3, 339, 12),
(147, 2, 339, 15),
(148, 2, 340, 18),
(149, 3, 340, 27),
(150, 2, 340, 4),
(151, 3, 341, 4),
(152, 3, 341, 25),
(153, 2, 341, 22),
(154, 2, 342, 16),
(155, 3, 342, 9),
(156, 3, 342, 21),
(157, 3, 343, 23),
(158, 3, 343, 18),
(159, 2, 343, 26),
(160, 2, 344, 24),
(161, 2, 344, 21),
(162, 3, 344, 21),
(163, 3, 345, 6),
(164, 2, 345, 13),
(165, 3, 345, 5),
(166, 3, 346, 27),
(167, 3, 346, 7),
(168, 2, 346, 1),
(169, 2, 347, 19),
(170, 3, 347, 14),
(171, 2, 347, 5),
(172, 3, 348, 9),
(173, 2, 348, 20),
(174, 3, 348, 18),
(175, 3, 349, 15),
(176, 3, 349, 5),
(177, 3, 349, 18),
(178, 3, 350, 25),
(179, 3, 350, 1),
(180, 3, 350, 18),
(181, 3, 351, 2),
(182, 3, 351, 21),
(183, 2, 351, 4),
(184, 2, 352, 15),
(185, 3, 352, 16),
(186, 3, 352, 24),
(187, 2, 353, 26),
(188, 2, 353, 12),
(189, 3, 353, 17),
(190, 3, 354, 2),
(191, 3, 354, 12),
(192, 3, 354, 9),
(193, 3, 355, 2),
(194, 3, 355, 21),
(195, 3, 355, 9),
(196, 3, 356, 4),
(197, 3, 356, 6),
(198, 2, 356, 20),
(199, 3, 357, 9),
(200, 2, 357, 18),
(201, 2, 357, 3),
(202, 3, 358, 9),
(203, 2, 358, 7),
(204, 3, 358, 6),
(205, 2, 359, 20),
(206, 2, 359, 18),
(207, 2, 359, 7),
(208, 3, 360, 7),
(209, 3, 360, 27),
(210, 3, 360, 13),
(211, 2, 361, 16),
(212, 3, 361, 12),
(213, 2, 361, 11),
(214, 2, 362, 24),
(215, 3, 362, 1),
(216, 2, 362, 5),
(217, 3, 363, 14),
(218, 3, 363, 24),
(219, 3, 363, 7),
(220, 2, 364, 16),
(221, 3, 364, 18),
(222, 3, 364, 5),
(223, 3, 365, 25),
(224, 3, 365, 22),
(225, 2, 365, 20),
(226, 2, 366, 15),
(227, 3, 366, 10),
(228, 3, 366, 8),
(229, 3, 367, 26),
(230, 3, 367, 17),
(231, 2, 367, 10),
(232, 2, 368, 14),
(233, 2, 368, 4),
(234, 2, 368, 27),
(235, 3, 369, 25),
(236, 2, 369, 4),
(237, 3, 369, 25),
(238, 3, 370, 17),
(239, 3, 370, 5),
(240, 3, 370, 26),
(241, 3, 371, 2),
(242, 3, 371, 16),
(243, 3, 371, 19),
(244, 3, 372, 24),
(245, 2, 372, 23),
(246, 3, 372, 17),
(247, 3, 373, 7),
(248, 2, 373, 23),
(249, 3, 373, 19),
(250, 3, 374, 16),
(251, 2, 374, 11),
(252, 2, 374, 27),
(253, 2, 375, 10),
(254, 3, 375, 10),
(255, 3, 375, 18),
(256, 3, 376, 11),
(257, 2, 376, 6),
(258, 3, 376, 7),
(259, 3, 377, 15),
(260, 3, 377, 6),
(261, 2, 377, 21),
(262, 3, 378, 12),
(263, 3, 378, 3),
(264, 3, 378, 20),
(265, 2, 379, 3),
(266, 2, 379, 2),
(267, 2, 379, 13),
(268, 3, 380, 13),
(269, 3, 380, 8),
(270, 3, 380, 22),
(271, 3, 381, 27),
(272, 3, 381, 17),
(273, 3, 381, 21),
(274, 3, 382, 21),
(275, 3, 382, 22),
(276, 3, 382, 24),
(277, 3, 383, 19),
(278, 3, 383, 26),
(279, 3, 383, 3),
(280, 3, 384, 16),
(281, 3, 384, 3),
(282, 3, 384, 14),
(283, 3, 385, 11),
(284, 3, 385, 13),
(285, 3, 385, 25),
(286, 3, 386, 3),
(287, 2, 386, 25),
(288, 3, 386, 20),
(289, 3, 387, 7),
(290, 3, 387, 22),
(291, 3, 387, 23),
(292, 2, 388, 3),
(293, 3, 388, 4),
(294, 2, 388, 7),
(295, 3, 389, 10),
(296, 2, 389, 20),
(297, 2, 389, 8),
(298, 3, 390, 3),
(299, 2, 390, 17),
(300, 3, 390, 17),
(301, 2, 391, 22),
(302, 2, 391, 20),
(303, 2, 391, 24),
(304, 3, 392, 24),
(305, 2, 392, 17),
(306, 3, 392, 17),
(307, 3, 393, 16),
(308, 2, 393, 4),
(309, 2, 393, 2),
(310, 2, 394, 17),
(311, 3, 394, 7),
(312, 3, 394, 11),
(313, 2, 395, 1),
(314, 2, 395, 24),
(315, 3, 395, 7),
(316, 3, 396, 17),
(317, 3, 396, 7),
(318, 3, 396, 25),
(319, 2, 397, 27),
(320, 3, 397, 26),
(321, 3, 397, 17),
(322, 3, 398, 7),
(323, 3, 398, 8),
(324, 2, 398, 23),
(325, 3, 399, 16),
(326, 2, 399, 18),
(327, 3, 399, 9),
(328, 3, 400, 18),
(329, 3, 400, 16),
(330, 3, 400, 26),
(331, 3, 401, 19),
(332, 3, 401, 8),
(333, 3, 401, 9),
(334, 2, 402, 26),
(335, 3, 402, 14),
(336, 3, 402, 20),
(337, 3, 403, 19),
(338, 2, 403, 23),
(339, 2, 403, 19),
(340, 3, 404, 20),
(341, 3, 404, 25),
(342, 2, 404, 27),
(343, 2, 405, 16),
(344, 2, 405, 2),
(345, 3, 405, 10),
(346, 3, 406, 27),
(347, 3, 406, 13),
(348, 2, 406, 25),
(349, 2, 407, 17),
(350, 3, 407, 11),
(351, 3, 407, 19),
(352, 2, 408, 20),
(353, 3, 408, 6),
(354, 3, 408, 10),
(355, 3, 409, 5),
(356, 2, 409, 5),
(357, 3, 409, 11),
(358, 3, 410, 25),
(359, 2, 410, 26),
(360, 2, 410, 15),
(361, 3, 411, 18),
(362, 3, 411, 25),
(363, 3, 411, 22),
(364, 3, 412, 17),
(365, 3, 412, 16),
(366, 2, 412, 26),
(367, 2, 413, 13),
(368, 3, 413, 5),
(369, 3, 413, 26),
(370, 3, 414, 2),
(371, 3, 414, 19),
(372, 3, 414, 18),
(373, 2, 415, 14),
(374, 2, 415, 9),
(375, 2, 415, 8),
(376, 2, 416, 6),
(377, 3, 416, 16),
(378, 2, 416, 3),
(379, 3, 417, 10),
(380, 2, 417, 22),
(381, 3, 417, 4),
(382, 3, 418, 25),
(383, 3, 418, 24),
(384, 3, 418, 27),
(385, 3, 419, 1),
(386, 3, 419, 20),
(387, 3, 419, 19),
(388, 2, 420, 12),
(389, 3, 420, 9),
(390, 3, 420, 16),
(391, 2, 421, 2),
(392, 3, 421, 23),
(393, 3, 421, 27),
(394, 3, 422, 12),
(395, 2, 422, 1),
(396, 3, 422, 21),
(397, 3, 423, 10),
(398, 2, 423, 2),
(399, 3, 423, 18),
(400, 2, 424, 8),
(401, 3, 424, 17),
(402, 3, 424, 13),
(403, 3, 425, 22),
(404, 2, 425, 2),
(405, 3, 425, 13),
(406, 3, 426, 15),
(407, 3, 426, 19),
(408, 3, 426, 13),
(409, 2, 427, 16),
(410, 3, 427, 4),
(411, 2, 427, 4),
(412, 3, 428, 9),
(413, 3, 428, 16),
(414, 3, 428, 21),
(415, 3, 429, 13),
(416, 3, 429, 9),
(417, 2, 429, 27),
(418, 3, 430, 10),
(419, 2, 430, 6),
(420, 3, 430, 17),
(421, 2, 431, 16),
(422, 3, 431, 7),
(423, 3, 431, 18),
(424, 2, 432, 4),
(425, 2, 432, 10),
(426, 2, 432, 2),
(427, 3, 433, 24),
(428, 2, 433, 25),
(429, 2, 433, 24),
(430, 3, 434, 11),
(431, 3, 434, 5),
(432, 3, 434, 7),
(433, 2, 435, 21),
(434, 3, 435, 12),
(435, 3, 435, 15),
(436, 2, 436, 25),
(437, 3, 436, 9),
(438, 2, 436, 24),
(439, 3, 437, 3),
(440, 2, 437, 26),
(441, 2, 437, 18),
(442, 2, 438, 20),
(443, 3, 438, 15),
(444, 2, 438, 10),
(445, 2, 439, 19),
(446, 3, 439, 15),
(447, 3, 439, 19),
(448, 3, 440, 26),
(449, 3, 440, 14),
(450, 3, 440, 24),
(451, 2, 441, 8),
(452, 3, 441, 18),
(453, 3, 441, 5),
(454, 3, 442, 10),
(455, 2, 442, 13),
(456, 3, 442, 19),
(457, 3, 443, 16),
(458, 3, 443, 7),
(459, 3, 443, 24),
(460, 3, 444, 11),
(461, 3, 444, 23),
(462, 3, 444, 10),
(463, 3, 445, 7),
(464, 3, 445, 11),
(465, 3, 445, 20),
(466, 2, 446, 24),
(467, 2, 446, 18),
(468, 3, 446, 12),
(469, 3, 447, 24),
(470, 3, 447, 18),
(471, 3, 447, 18),
(472, 2, 448, 8),
(473, 3, 448, 20),
(474, 3, 448, 6),
(475, 3, 449, 18),
(476, 3, 449, 3),
(477, 2, 449, 3),
(478, 3, 450, 12),
(479, 3, 450, 13),
(480, 3, 450, 11),
(481, 3, 451, 9),
(482, 2, 451, 7),
(483, 3, 451, 7),
(484, 3, 452, 12),
(485, 2, 452, 21),
(486, 2, 452, 14),
(487, 3, 453, 16),
(488, 2, 453, 3),
(489, 3, 453, 22),
(490, 2, 454, 22),
(491, 2, 454, 21),
(492, 2, 454, 14),
(493, 3, 455, 19),
(494, 3, 455, 19),
(495, 3, 455, 19),
(496, 3, 456, 25),
(497, 3, 456, 11),
(498, 2, 456, 9),
(499, 3, 457, 16),
(500, 3, 457, 7),
(501, 3, 457, 3),
(502, 3, 458, 8),
(503, 3, 458, 22),
(504, 2, 458, 27),
(505, 3, 459, 15),
(506, 2, 459, 15),
(507, 2, 459, 18),
(508, 3, 460, 12),
(509, 3, 460, 26),
(510, 3, 460, 8),
(511, 3, 461, 15),
(512, 2, 461, 21),
(513, 2, 461, 25),
(514, 2, 462, 21),
(515, 2, 462, 24),
(516, 3, 462, 14),
(517, 2, 463, 6),
(518, 3, 463, 4),
(519, 3, 463, 1),
(520, 2, 464, 13),
(521, 3, 464, 18),
(522, 2, 464, 11),
(523, 3, 465, 3),
(524, 3, 465, 20),
(525, 3, 465, 6),
(526, 3, 466, 13),
(527, 2, 466, 2),
(528, 2, 466, 11),
(529, 3, 467, 5),
(530, 3, 467, 26),
(531, 3, 467, 24),
(532, 3, 468, 11),
(533, 2, 468, 22),
(534, 3, 468, 26),
(535, 2, 469, 2),
(536, 2, 469, 24),
(537, 2, 469, 1),
(538, 3, 470, 16),
(539, 3, 470, 4),
(540, 2, 470, 15),
(541, 3, 471, 7),
(542, 3, 471, 4),
(543, 2, 471, 18),
(544, 3, 472, 7),
(545, 3, 472, 3),
(546, 2, 472, 20),
(547, 3, 473, 16),
(548, 2, 473, 26),
(549, 3, 473, 27),
(550, 2, 474, 14),
(551, 3, 474, 16),
(552, 2, 474, 19),
(553, 3, 475, 4),
(554, 2, 475, 3),
(555, 3, 475, 8),
(556, 2, 476, 12),
(557, 3, 476, 26),
(558, 3, 476, 7),
(559, 3, 477, 20),
(560, 2, 477, 7),
(561, 3, 477, 18),
(562, 2, 478, 6),
(563, 3, 478, 8),
(564, 3, 478, 27),
(565, 3, 479, 21),
(566, 3, 479, 10),
(567, 3, 479, 8),
(568, 3, 480, 22),
(569, 2, 480, 18),
(570, 3, 480, 14),
(571, 3, 481, 9),
(572, 3, 481, 25),
(573, 2, 481, 20),
(574, 3, 482, 9),
(575, 3, 482, 16),
(576, 3, 482, 24),
(577, 3, 483, 22),
(578, 2, 483, 7),
(579, 2, 483, 23),
(580, 3, 484, 23),
(581, 3, 484, 22),
(582, 3, 484, 22),
(583, 3, 485, 22),
(584, 3, 485, 25),
(585, 3, 485, 25),
(586, 2, 486, 6),
(587, 3, 486, 16),
(588, 3, 486, 15),
(589, 2, 487, 2),
(590, 3, 487, 12),
(591, 3, 487, 9),
(592, 3, 488, 7),
(593, 3, 488, 12),
(594, 2, 488, 17),
(595, 3, 489, 20),
(596, 2, 489, 8),
(597, 3, 489, 4),
(598, 3, 490, 16),
(599, 3, 490, 17),
(600, 3, 490, 16),
(601, 3, 491, 16),
(602, 2, 491, 4),
(603, 3, 491, 20),
(604, 2, 492, 7),
(605, 2, 492, 11),
(606, 3, 492, 2),
(607, 2, 493, 11),
(608, 3, 493, 19),
(609, 2, 493, 22),
(610, 3, 494, 27),
(611, 3, 494, 14),
(612, 3, 494, 10),
(613, 3, 495, 5),
(614, 3, 495, 9),
(615, 2, 495, 19),
(616, 2, 496, 8),
(617, 3, 496, 12),
(618, 2, 496, 13),
(619, 3, 497, 13),
(620, 2, 497, 12),
(621, 3, 497, 2),
(622, 3, 498, 14),
(623, 3, 498, 15),
(624, 2, 498, 4),
(625, 2, 499, 4),
(626, 2, 499, 15),
(627, 2, 499, 13),
(628, 3, 500, 11),
(629, 3, 500, 24),
(630, 3, 500, 10),
(631, 3, 501, 2),
(632, 3, 501, 20),
(633, 3, 501, 15),
(634, 3, 502, 19),
(635, 3, 502, 15),
(636, 3, 502, 23),
(637, 3, 503, 21),
(638, 3, 503, 23),
(639, 3, 503, 21),
(640, 3, 504, 14),
(641, 3, 504, 6),
(642, 3, 504, 24),
(643, 3, 505, 21),
(644, 3, 505, 5),
(645, 3, 505, 24),
(646, 3, 506, 19),
(647, 3, 506, 16),
(648, 2, 506, 6),
(649, 3, 507, 11),
(650, 2, 507, 27),
(651, 3, 507, 2),
(652, 3, 508, 27),
(653, 2, 508, 5),
(654, 3, 508, 12),
(655, 2, 509, 6),
(656, 2, 509, 26),
(657, 3, 509, 10),
(658, 3, 510, 25),
(659, 2, 510, 3),
(660, 2, 510, 7),
(661, 2, 511, 2),
(662, 3, 511, 25),
(663, 3, 511, 18),
(664, 3, 512, 23),
(665, 3, 512, 8),
(666, 3, 512, 15),
(667, 2, 513, 10),
(668, 3, 513, 2),
(669, 3, 513, 27),
(670, 3, 514, 12),
(671, 3, 514, 27),
(672, 3, 514, 15),
(673, 2, 515, 20),
(674, 2, 515, 23),
(675, 3, 515, 2),
(676, 2, 516, 11),
(677, 3, 516, 26),
(678, 2, 516, 23),
(679, 3, 517, 8),
(680, 2, 517, 3),
(681, 3, 517, 27),
(682, 2, 518, 14),
(683, 2, 518, 17),
(684, 3, 518, 20),
(685, 3, 519, 27),
(686, 2, 519, 26),
(687, 3, 519, 19),
(688, 2, 520, 7),
(689, 2, 520, 10),
(690, 3, 520, 11),
(691, 3, 521, 6),
(692, 2, 521, 26),
(693, 3, 521, 22),
(694, 3, 522, 7),
(695, 3, 522, 12),
(696, 3, 522, 2),
(697, 3, 523, 22),
(698, 3, 523, 23),
(699, 2, 523, 13),
(700, 3, 524, 17),
(701, 3, 524, 23),
(702, 3, 524, 24),
(703, 2, 525, 15),
(704, 3, 525, 21),
(705, 3, 525, 2),
(706, 3, 526, 2),
(707, 3, 526, 11),
(708, 2, 526, 15),
(709, 3, 527, 8),
(710, 2, 527, 11),
(711, 3, 527, 24),
(712, 3, 528, 7),
(713, 3, 528, 26),
(714, 3, 528, 8),
(715, 2, 529, 23),
(716, 3, 529, 14),
(717, 3, 529, 19),
(718, 3, 530, 9),
(719, 3, 530, 20),
(720, 2, 530, 24),
(721, 3, 531, 11),
(722, 3, 531, 23),
(723, 3, 531, 7),
(724, 3, 532, 3),
(725, 3, 532, 24),
(726, 3, 532, 21),
(727, 3, 533, 11),
(728, 2, 533, 11),
(729, 3, 533, 16),
(730, 3, 534, 24),
(731, 3, 534, 4),
(732, 3, 534, 21),
(733, 2, 535, 3),
(734, 3, 535, 13),
(735, 2, 535, 16),
(736, 3, 536, 21),
(737, 3, 536, 17),
(738, 3, 536, 15),
(739, 3, 537, 19),
(740, 2, 537, 12),
(741, 3, 537, 18),
(742, 3, 538, 10),
(743, 2, 538, 21),
(744, 3, 538, 17),
(745, 3, 539, 12),
(746, 3, 539, 5),
(747, 2, 539, 8),
(748, 3, 540, 11),
(749, 3, 540, 12),
(750, 3, 540, 7),
(751, 2, 541, 11),
(752, 3, 541, 16),
(753, 2, 541, 27),
(754, 2, 542, 9),
(755, 2, 542, 18),
(756, 3, 542, 13),
(757, 2, 543, 11),
(758, 3, 543, 25),
(759, 3, 543, 4),
(760, 3, 544, 3),
(761, 3, 544, 24),
(762, 3, 544, 2),
(763, 3, 545, 27),
(764, 3, 545, 3),
(765, 3, 545, 15),
(766, 3, 546, 13),
(767, 3, 546, 21),
(768, 3, 546, 4),
(769, 3, 547, 8),
(770, 3, 547, 17),
(771, 3, 547, 22),
(772, 2, 548, 4),
(773, 3, 548, 7),
(774, 3, 548, 2),
(775, 3, 549, 16),
(776, 3, 549, 13),
(777, 3, 549, 20),
(778, 3, 550, 21),
(779, 2, 550, 17),
(780, 2, 550, 17),
(781, 3, 551, 14),
(782, 2, 551, 7),
(783, 3, 551, 15),
(784, 3, 552, 26),
(785, 3, 552, 10),
(786, 3, 552, 1),
(787, 3, 553, 2),
(788, 3, 553, 14),
(789, 2, 553, 2),
(790, 3, 554, 2),
(791, 3, 554, 5),
(792, 3, 554, 7),
(793, 3, 555, 15),
(794, 3, 555, 11),
(795, 2, 555, 21),
(796, 3, 556, 1),
(797, 3, 556, 18),
(798, 2, 556, 1),
(799, 2, 557, 26),
(800, 2, 557, 27),
(801, 2, 557, 11),
(802, 3, 558, 15),
(803, 3, 558, 8),
(804, 3, 558, 16),
(805, 2, 559, 4),
(806, 3, 559, 4),
(807, 3, 559, 23),
(808, 3, 560, 26),
(809, 2, 560, 13),
(810, 3, 560, 17),
(811, 2, 561, 7),
(812, 3, 561, 23),
(813, 3, 561, 23),
(814, 3, 562, 11),
(815, 3, 562, 18),
(816, 3, 562, 6),
(817, 3, 563, 12),
(818, 2, 563, 25),
(819, 3, 563, 14),
(820, 3, 564, 25),
(821, 3, 564, 2),
(822, 3, 564, 24),
(823, 3, 565, 19),
(824, 2, 565, 19),
(825, 3, 565, 7),
(826, 3, 566, 17),
(827, 3, 566, 24),
(828, 2, 566, 16),
(829, 3, 567, 8),
(830, 3, 567, 1),
(831, 3, 567, 23),
(832, 3, 568, 7),
(833, 3, 568, 24),
(834, 2, 568, 1),
(835, 2, 569, 14),
(836, 3, 569, 17),
(837, 3, 569, 10),
(838, 3, 570, 15),
(839, 3, 570, 15),
(840, 2, 570, 18),
(841, 3, 571, 16),
(842, 3, 571, 27),
(843, 2, 571, 11),
(844, 3, 572, 26),
(845, 3, 572, 13),
(846, 3, 572, 4),
(847, 3, 573, 9),
(848, 3, 573, 5),
(849, 2, 573, 27),
(850, 3, 574, 25),
(851, 3, 574, 6),
(852, 3, 574, 12),
(853, 3, 575, 18),
(854, 3, 575, 1),
(855, 3, 575, 7),
(856, 3, 576, 9),
(857, 2, 576, 18),
(858, 3, 576, 23),
(859, 3, 577, 24),
(860, 3, 577, 26),
(861, 3, 577, 17),
(862, 3, 578, 18),
(863, 3, 578, 21),
(864, 3, 578, 5),
(865, 3, 579, 10),
(866, 3, 579, 5),
(867, 3, 579, 20),
(868, 2, 580, 15),
(869, 3, 580, 14),
(870, 3, 580, 18);



/*!40101 SET CHARACTER_SET_CLIENT=@OLD_CHARACTER_SET_CLIENT */;
/*!40101 SET CHARACTER_SET_RESULTS=@OLD_CHARACTER_SET_RESULTS */;
/*!40101 SET COLLATION_CONNECTION=@OLD_COLLATION_CONNECTION */;
